,S_Pedro,S_Santiago,S_Juan,S_Andrés,S_Bartolomé,S_Tiago,S_Isca,S_Tadeo,S_Mateo,S_Felipe,S_Simón,S_Tomás
2020-09-23 14:00:00,-1.0,0.0,0.0,0.0,0.0,0.0,-1.0,0.0,1.0,1.0,0.0,0.0
2020-09-23 14:01:00,-1.5,-0.5,0.5,0.0,-0.5,-0.5,-1.0,0.0,1.0,0.5,-0.5,0.5
2020-09-23 14:02:00,-1.6666666666666667,-0.3333333333333333,1.0,0.3333333333333333,-0.6666666666666666,-0.3333333333333333,-0.6666666666666666,0.3333333333333333,1.0,0.0,-0.3333333333333333,0.3333333333333333
2020-09-23 14:03:00,-1.75,-0.5,1.5,0.25,-0.75,-0.5,-0.5,0.5,1.25,0.0,-0.5,0.25
2020-09-23 14:04:00,-2.0,-0.4,2.0,0.4,-1.0,-0.4,-0.6,0.8,1.6,0.2,-0.6,0.4
2020-09-23 14:05:00,-2.0,-0.5,2.5,0.3333333333333333,-1.3333333333333333,-0.3333333333333333,-0.6666666666666666,1.1666666666666667,1.6666666666666667,0.5,-0.8333333333333334,0.5
2020-09-23 14:06:00,-1.8571428571428572,-0.7142857142857143,2.7142857142857144,0.14285714285714285,-1.4285714285714286,-0.2857142857142857,-0.5714285714285714,1.2857142857142858,1.8571428571428572,0.5714285714285714,-1.0,0.42857142857142855
2020-09-23 14:07:00,-1.75,-1.0,3.0,-0.125,-1.375,-0.375,-0.625,1.5,2.0,0.625,-1.0,0.375
2020-09-23 14:08:00,-1.7777777777777777,-1.3333333333333333,3.2222222222222223,-0.2222222222222222,-1.2222222222222223,-0.5555555555555556,-0.7777777777777778,1.7777777777777777,2.111111111111111,0.5555555555555556,-0.8888888888888888,0.3333333333333333
2020-09-23 14:09:00,-1.9,-1.7,3.4,-0.4,-1.2,-0.8,-0.9,1.9,2.2,0.5,-0.7,0.2
2020-09-23 14:10:00,-1.9090909090909092,-2.0,3.6363636363636362,-0.45454545454545453,-1.1818181818181819,-1.0,-0.9090909090909091,2.0,2.3636363636363638,0.5454545454545454,-0.5454545454545454,0.09090909090909091
2020-09-23 14:11:00,-1.8333333333333333,-2.3333333333333335,3.75,-0.5,-1.25,-1.0833333333333333,-1.0,2.1666666666666665,2.5,0.6666666666666666,-0.4166666666666667,0.0
2020-09-23 14:12:00,-1.7692307692307692,-2.5384615384615383,3.769230769230769,-0.46153846153846156,-1.2307692307692308,-1.2307692307692308,-1.1538461538461537,2.3846153846153846,2.6923076923076925,0.6923076923076923,-0.3076923076923077,-0.07692307692307693
2020-09-23 14:13:00,-1.7857142857142858,-2.7857142857142856,3.7857142857142856,-0.42857142857142855,-1.2142857142857142,-1.4285714285714286,-1.3571428571428572,2.642857142857143,2.7857142857142856,0.7857142857142857,-0.14285714285714285,-0.14285714285714285
2020-09-23 14:14:00,-1.8666666666666667,-3.0,3.7333333333333334,-0.3333333333333333,-1.2666666666666666,-1.6,-1.5333333333333334,2.8666666666666667,2.933333333333333,0.9333333333333333,0.06666666666666667,-0.13333333333333333
2020-09-23 14:15:00,-1.875,-3.1875,3.6875,-0.3125,-1.25,-1.6875,-1.6875,3.0625,3.125,1.0625,0.25,-0.0625
2020-09-23 14:16:00,-1.8823529411764706,-3.2941176470588234,3.6470588235294117,-0.35294117647058826,-1.2941176470588236,-1.8235294117647058,-1.8235294117647058,3.2941176470588234,3.235294117647059,1.1764705882352942,0.4117647058823529,0.058823529411764705
2020-09-23 14:17:00,-1.8333333333333333,-3.4444444444444446,3.611111111111111,-0.3888888888888889,-1.3888888888888888,-2.0,-2.0,3.5555555555555554,3.2777777777777777,1.2222222222222223,0.6111111111111112,0.1111111111111111
2020-09-23 14:18:00,-1.8421052631578947,-3.5789473684210527,3.5789473684210527,-0.47368421052631576,-1.4210526315789473,-2.1578947368421053,-2.210526315789474,3.8421052631578947,3.3684210526315788,1.263157894736842,0.7368421052631579,0.15789473684210525
2020-09-23 14:19:00,-1.8,-3.75,3.5,-0.6,-1.45,-2.3,-2.4,4.05,3.45,1.3,0.9,0.2
2020-09-23 14:20:00,-1.8095238095238095,-3.9047619047619047,3.380952380952381,-0.7619047619047619,-1.4761904761904763,-2.380952380952381,-2.619047619047619,4.190476190476191,3.5714285714285716,1.380952380952381,1.0952380952380953,0.23809523809523808
2020-09-23 14:21:00,-1.8181818181818181,-4.0,3.227272727272727,-0.9545454545454546,-1.5,-2.5,-2.8181818181818183,4.318181818181818,3.727272727272727,1.4545454545454546,1.3181818181818181,0.3181818181818182
2020-09-23 14:22:00,-1.7826086956521738,-4.086956521739131,3.130434782608696,-1.0869565217391304,-1.5217391304347827,-2.5652173913043477,-3.0,4.478260869565218,3.8260869565217392,1.5217391304347827,1.5217391304347827,0.34782608695652173
2020-09-23 14:23:00,-1.7916666666666667,-4.125,3.0,-1.1666666666666667,-1.5833333333333333,-2.5833333333333335,-3.2083333333333335,4.666666666666667,3.9166666666666665,1.625,1.7083333333333333,0.4166666666666667
2020-09-23 14:24:00,-1.76,-4.2,2.84,-1.24,-1.6,-2.64,-3.44,4.8,4.0,1.68,1.92,0.44
2020-09-23 14:25:00,-1.7692307692307692,-4.3076923076923075,2.6923076923076925,-1.3461538461538463,-1.5769230769230769,-2.730769230769231,-3.6538461538461537,4.923076923076923,4.076923076923077,1.7692307692307692,2.1153846153846154,0.46153846153846156
2020-09-23 14:26:00,-1.7777777777777777,-4.407407407407407,2.5555555555555554,-1.4814814814814814,-1.5555555555555556,-2.7777777777777777,-3.8518518518518516,5.0,4.148148148148148,1.8148148148148149,2.3333333333333335,0.48148148148148145
2020-09-23 14:27:00,-1.7857142857142858,-4.535714285714286,2.392857142857143,-1.6428571428571428,-1.5,-2.7857142857142856,-4.0,5.071428571428571,4.25,1.8571428571428572,2.5357142857142856,0.4642857142857143
2020-09-23 14:28:00,-1.8275862068965518,-4.689655172413793,2.2413793103448274,-1.8275862068965518,-1.4137931034482758,-2.7586206896551726,-4.137931034482759,5.172413793103448,4.344827586206897,1.896551724137931,2.7586206896551726,0.4827586206896552
2020-09-23 14:29:00,-1.9,-4.866666666666666,2.066666666666667,-2.033333333333333,-1.3,-2.7,-4.233333333333333,5.233333333333333,4.433333333333334,1.9666666666666666,2.933333333333333,0.5
2020-09-23 14:30:00,-1.935483870967742,-5.0,1.903225806451613,-2.193548387096774,-1.2258064516129032,-2.6451612903225805,-4.354838709677419,5.32258064516129,4.516129032258065,2.064516129032258,3.096774193548387,0.4838709677419355
2020-09-23 14:31:00,-1.96875,-5.09375,1.75,-2.375,-1.125,-2.5625,-4.4375,5.4375,4.59375,2.125,3.21875,0.46875
2020-09-23 14:32:00,-2.0303030303030303,-5.151515151515151,1.6363636363636365,-2.5757575757575757,-1.0606060606060606,-2.484848484848485,-4.515151515151516,5.515151515151516,4.636363636363637,2.1818181818181817,3.3636363636363638,0.48484848484848486
2020-09-23 14:33:00,-2.1176470588235294,-5.235294117647059,1.5,-2.735294117647059,-1.0,-2.3823529411764706,-4.588235294117647,5.588235294117647,4.676470588235294,2.2058823529411766,3.5294117647058822,0.5
2020-09-23 14:34:00,-2.2285714285714286,-5.3428571428571425,1.4,-2.857142857142857,-0.9142857142857143,-2.2857142857142856,-4.6571428571428575,5.685714285714286,4.742857142857143,2.2285714285714286,3.7142857142857144,0.4857142857142857
2020-09-23 14:35:00,-2.361111111111111,-5.444444444444445,1.3055555555555556,-2.9444444444444446,-0.8333333333333334,-2.2222222222222223,-4.75,5.75,4.777777777777778,2.25,3.888888888888889,0.5
2020-09-23 14:36:00,-2.4864864864864864,-5.513513513513513,1.2162162162162162,-3.027027027027027,-0.7837837837837838,-2.135135135135135,-4.837837837837838,5.8108108108108105,4.8108108108108105,2.2432432432432434,4.027027027027027,0.5405405405405406
2020-09-23 14:37:00,-2.6315789473684212,-5.578947368421052,1.105263157894737,-3.1052631578947367,-0.7105263157894737,-2.0526315789473686,-4.921052631578948,5.842105263157895,4.842105263157895,2.263157894736842,4.184210526315789,0.5789473684210527
2020-09-23 14:38:00,-2.769230769230769,-5.641025641025641,0.9743589743589743,-3.2051282051282053,-0.6153846153846154,-1.9743589743589745,-5.0256410256410255,5.846153846153846,4.871794871794871,2.282051282051282,4.333333333333333,0.6410256410256411
2020-09-23 14:39:00,-2.925,-5.7,0.875,-3.3,-0.55,-1.875,-5.15,5.825,4.875,2.3,4.5,0.725
2020-09-23 14:40:00,-3.048780487804878,-5.7317073170731705,0.7804878048780488,-3.3658536585365852,-0.4878048780487805,-1.8048780487804879,-5.2682926829268295,5.780487804878049,4.853658536585366,2.317073170731707,4.682926829268292,0.8048780487804879
2020-09-23 14:41:00,-3.1904761904761907,-5.738095238095238,0.6666666666666666,-3.4047619047619047,-0.40476190476190477,-1.7380952380952381,-5.380952380952381,5.761904761904762,4.857142857142857,2.3095238095238093,4.880952380952381,0.8571428571428571
2020-09-23 14:42:00,-3.302325581395349,-5.767441860465116,0.5581395348837209,-3.441860465116279,-0.3488372093023256,-1.6511627906976745,-5.465116279069767,5.744186046511628,4.8604651162790695,2.3255813953488373,5.069767441860465,0.9069767441860465
2020-09-23 14:43:00,-3.3863636363636362,-5.818181818181818,0.4772727272727273,-3.4545454545454546,-0.29545454545454547,-1.5909090909090908,-5.5227272727272725,5.7272727272727275,4.886363636363637,2.340909090909091,5.2272727272727275,0.9545454545454546
2020-09-23 14:44:00,-3.488888888888889,-5.888888888888889,0.4,-3.466666666666667,-0.2222222222222222,-1.5333333333333334,-5.555555555555555,5.711111111111111,4.888888888888889,2.3555555555555556,5.4,1.0
2020-09-23 14:45:00,-3.6222222222222222,-6.088888888888889,0.35555555555555557,-3.533333333333333,-0.13333333333333333,-1.488888888888889,-5.688888888888889,5.844444444444444,4.955555555555556,2.3777777777777778,5.688888888888889,1.0888888888888888
2020-09-23 14:46:00,-3.7333333333333334,-6.288888888888889,0.3111111111111111,-3.6222222222222222,0.0,-1.4444444444444444,-5.844444444444444,6.0,5.0,2.4444444444444446,5.977777777777778,1.1555555555555554
2020-09-23 14:47:00,-3.8222222222222224,-6.533333333333333,0.26666666666666666,-3.7555555555555555,0.13333333333333333,-1.4222222222222223,-6.044444444444444,6.111111111111111,5.022222222222222,2.5555555555555554,6.222222222222222,1.2444444444444445
2020-09-23 14:48:00,-3.933333333333333,-6.777777777777778,0.17777777777777778,-3.8666666666666667,0.24444444444444444,-1.4,-6.266666666666667,6.2444444444444445,5.0,2.6666666666666665,6.511111111111111,1.3111111111111111
2020-09-23 14:49:00,-4.0,-7.044444444444444,0.044444444444444446,-4.0,0.4,-1.4222222222222223,-6.444444444444445,6.333333333333333,4.977777777777778,2.7555555555555555,6.822222222222222,1.3555555555555556
2020-09-23 14:50:00,-4.066666666666666,-7.266666666666667,-0.13333333333333333,-4.088888888888889,0.6,-1.4666666666666666,-6.6,6.4222222222222225,4.977777777777778,2.8,7.155555555555556,1.4
2020-09-23 14:51:00,-4.133333333333334,-7.488888888888889,-0.26666666666666666,-4.177777777777778,0.7777777777777778,-1.5333333333333334,-6.777777777777778,6.555555555555555,4.933333333333334,2.888888888888889,7.511111111111111,1.488888888888889
2020-09-23 14:52:00,-4.222222222222222,-7.688888888888889,-0.4,-4.266666666666667,0.9333333333333333,-1.5555555555555556,-6.933333333333334,6.644444444444445,4.866666666666666,2.9555555555555557,7.822222222222222,1.5777777777777777
2020-09-23 14:53:00,-4.311111111111111,-7.844444444444444,-0.5333333333333333,-4.4,1.0666666666666667,-1.5333333333333334,-7.066666666666666,6.733333333333333,4.822222222222222,3.022222222222222,8.133333333333333,1.6444444444444444
2020-09-23 14:54:00,-4.355555555555555,-8.0,-0.6444444444444445,-4.511111111111111,1.2444444444444445,-1.488888888888889,-7.2,6.844444444444444,4.7555555555555555,3.111111111111111,8.422222222222222,1.711111111111111
2020-09-23 14:55:00,-4.4,-8.133333333333333,-0.7777777777777778,-4.666666666666667,1.4,-1.4444444444444444,-7.333333333333333,6.977777777777778,4.666666666666667,3.1777777777777776,8.71111111111111,1.7555555555555555
2020-09-23 14:56:00,-4.444444444444445,-8.266666666666667,-0.9111111111111111,-4.822222222222222,1.6,-1.4,-7.4222222222222225,7.066666666666666,4.555555555555555,3.2222222222222223,8.977777777777778,1.8222222222222222
2020-09-23 14:57:00,-4.466666666666667,-8.422222222222222,-1.0444444444444445,-4.977777777777778,1.7555555555555555,-1.3333333333333333,-7.488888888888889,7.155555555555556,4.444444444444445,3.2888888888888888,9.244444444444444,1.9111111111111112
2020-09-23 14:58:00,-4.466666666666667,-8.533333333333333,-1.2,-5.155555555555556,1.9111111111111112,-1.2444444444444445,-7.533333333333333,7.2444444444444445,4.355555555555555,3.3555555555555556,9.488888888888889,2.0
2020-09-23 14:59:00,-4.466666666666667,-8.644444444444444,-1.3111111111111111,-5.333333333333333,2.066666666666667,-1.1555555555555554,-7.5777777777777775,7.333333333333333,4.222222222222222,3.422222222222222,9.71111111111111,2.0444444444444443
2020-09-23 15:00:00,-4.466666666666667,-8.755555555555556,-1.4444444444444444,-5.466666666666667,2.1777777777777776,-1.0666666666666667,-7.6,7.444444444444445,4.066666666666666,3.466666666666667,9.955555555555556,2.0444444444444443
2020-09-23 15:01:00,-4.444444444444445,-8.88888888888889,-1.5777777777777777,-5.555555555555555,2.311111111111111,-0.9333333333333333,-7.644444444444445,7.533333333333333,3.911111111111111,3.533333333333333,10.2,2.022222222222222
2020-09-23 15:02:00,-4.444444444444445,-9.022222222222222,-1.6888888888888889,-5.644444444444445,2.4444444444444446,-0.7555555555555555,-7.644444444444445,7.622222222222222,3.7777777777777777,3.6444444444444444,10.422222222222222,2.022222222222222
2020-09-23 15:03:00,-4.4,-9.133333333333333,-1.8,-5.733333333333333,2.533333333333333,-0.5777777777777777,-7.622222222222222,7.666666666666667,3.6,3.7333333333333334,10.688888888888888,2.0444444444444443
2020-09-23 15:04:00,-4.4,-9.2,-1.9111111111111112,-5.8,2.6,-0.4,-7.5777777777777775,7.733333333333333,3.4,3.8,10.911111111111111,2.088888888888889
2020-09-23 15:05:00,-4.355555555555555,-9.244444444444444,-2.0,-5.822222222222222,2.688888888888889,-0.26666666666666666,-7.511111111111111,7.8,3.2,3.8444444444444446,11.088888888888889,2.1333333333333333
2020-09-23 15:06:00,-4.311111111111111,-9.28888888888889,-2.066666666666667,-5.8,2.7777777777777777,-0.1111111111111111,-7.444444444444445,7.866666666666666,2.977777777777778,3.888888888888889,11.244444444444444,2.1555555555555554
2020-09-23 15:07:00,-4.266666666666667,-9.311111111111112,-2.1555555555555554,-5.777777777777778,2.888888888888889,0.0,-7.4,7.888888888888889,2.8,3.933333333333333,11.377777777777778,2.1777777777777776
2020-09-23 15:08:00,-4.177777777777778,-9.377777777777778,-2.2,-5.777777777777778,3.022222222222222,0.1111111111111111,-7.311111111111111,7.866666666666666,2.6,3.9555555555555557,11.533333333333333,2.1777777777777776
2020-09-23 15:09:00,-4.133333333333334,-9.422222222222222,-2.2222222222222223,-5.777777777777778,3.1333333333333333,0.26666666666666666,-7.222222222222222,7.888888888888889,2.422222222222222,3.977777777777778,11.666666666666666,2.2222222222222223
2020-09-23 15:10:00,-4.044444444444444,-9.466666666666667,-2.2444444444444445,-5.777777777777778,3.2444444444444445,0.4666666666666667,-7.155555555555556,7.933333333333334,2.2222222222222223,3.977777777777778,11.777777777777779,2.2888888888888888
2020-09-23 15:11:00,-3.933333333333333,-9.533333333333333,-2.2888888888888888,-5.777777777777778,3.3777777777777778,0.6666666666666666,-7.088888888888889,8.0,2.0444444444444443,4.022222222222222,11.88888888888889,2.3555555555555556
2020-09-23 15:12:00,-3.8222222222222224,-9.577777777777778,-2.311111111111111,-5.7555555555555555,3.466666666666667,0.8222222222222222,-7.022222222222222,8.088888888888889,1.8666666666666667,4.066666666666666,11.977777777777778,2.4444444444444446
2020-09-23 15:13:00,-3.7111111111111112,-9.622222222222222,-2.311111111111111,-5.733333333333333,3.511111111111111,0.9333333333333333,-6.977777777777778,8.177777777777777,1.711111111111111,4.088888888888889,12.066666666666666,2.511111111111111
2020-09-23 15:14:00,-3.6,-9.644444444444444,-2.311111111111111,-5.688888888888889,3.511111111111111,1.0,-6.955555555555556,8.266666666666667,1.5555555555555556,4.088888888888889,12.177777777777777,2.577777777777778
2020-09-23 15:15:00,-3.488888888888889,-9.71111111111111,-2.311111111111111,-5.644444444444445,3.511111111111111,1.0666666666666667,-6.888888888888889,8.355555555555556,1.4222222222222223,4.044444444444444,12.266666666666667,2.6666666666666665
2020-09-23 15:16:00,-3.3555555555555556,-9.822222222222223,-2.2888888888888888,-5.6,3.511111111111111,1.0888888888888888,-6.866666666666666,8.444444444444445,1.3111111111111111,4.022222222222222,12.4,2.7555555555555555
2020-09-23 15:17:00,-3.1777777777777776,-9.977777777777778,-2.2888888888888888,-5.533333333333333,3.533333333333333,1.0888888888888888,-6.822222222222222,8.555555555555555,1.2,3.977777777777778,12.511111111111111,2.8
2020-09-23 15:18:00,-3.0,-10.11111111111111,-2.2888888888888888,-5.466666666666667,3.5555555555555554,1.0888888888888888,-6.7555555555555555,8.644444444444444,1.1111111111111112,3.9555555555555557,12.577777777777778,2.8444444444444446
2020-09-23 15:19:00,-2.8,-10.2,-2.3333333333333335,-5.444444444444445,3.577777777777778,1.1111111111111112,-6.711111111111111,8.733333333333333,1.0,3.9555555555555557,12.622222222222222,2.933333333333333
2020-09-23 15:20:00,-2.5555555555555554,-10.311111111111112,-2.3777777777777778,-5.4222222222222225,3.577777777777778,1.1555555555555554,-6.622222222222222,8.866666666666667,0.9111111111111111,3.9555555555555557,12.688888888888888,3.0
2020-09-23 15:21:00,-2.3333333333333335,-10.422222222222222,-2.422222222222222,-5.4222222222222225,3.6222222222222222,1.1555555555555554,-6.533333333333333,9.0,0.8444444444444444,3.9555555555555557,12.8,3.066666666666667
2020-09-23 15:22:00,-2.066666666666667,-10.555555555555555,-2.466666666666667,-5.4,3.6444444444444444,1.1555555555555554,-6.466666666666667,9.133333333333333,0.7777777777777778,3.9555555555555557,12.88888888888889,3.1333333333333333
2020-09-23 15:23:00,-1.8222222222222222,-10.71111111111111,-2.466666666666667,-5.333333333333333,3.6444444444444444,1.1555555555555554,-6.377777777777778,9.311111111111112,0.7111111111111111,3.977777777777778,12.955555555555556,3.2
2020-09-23 15:24:00,-1.5555555555555556,-10.866666666666667,-2.511111111111111,-5.266666666666667,3.6444444444444444,1.1333333333333333,-6.288888888888889,9.533333333333333,0.6666666666666666,4.0,13.0,3.2666666666666666
2020-09-23 15:25:00,-1.288888888888889,-11.066666666666666,-2.533333333333333,-5.2444444444444445,3.6666666666666665,1.1555555555555554,-6.177777777777778,9.755555555555556,0.6222222222222222,4.044444444444444,13.0,3.311111111111111
2020-09-23 15:26:00,-1.0,-11.266666666666667,-2.511111111111111,-5.222222222222222,3.6666666666666665,1.1777777777777778,-6.066666666666666,9.977777777777778,0.5555555555555556,4.111111111111111,13.0,3.4
2020-09-23 15:27:00,-0.7333333333333333,-11.444444444444445,-2.488888888888889,-5.2,3.7111111111111112,1.1555555555555554,-6.0,10.222222222222221,0.5111111111111111,4.133333333333334,13.022222222222222,3.466666666666667
2020-09-23 15:28:00,-0.4888888888888889,-11.577777777777778,-2.466666666666667,-5.2,3.7555555555555555,1.1333333333333333,-5.977777777777778,10.488888888888889,0.4444444444444444,4.177777777777778,13.066666666666666,3.5555555555555554
2020-09-23 15:29:00,-0.2222222222222222,-11.71111111111111,-2.422222222222222,-5.2,3.7777777777777777,1.0888888888888888,-5.977777777777778,10.777777777777779,0.37777777777777777,4.2444444444444445,13.11111111111111,3.6222222222222222
2020-09-23 15:30:00,0.044444444444444446,-11.844444444444445,-2.4,-5.2,3.7777777777777777,1.0,-6.0,11.022222222222222,0.3333333333333333,4.355555555555555,13.133333333333333,3.6666666666666665
2020-09-23 15:31:00,0.3111111111111111,-11.933333333333334,-2.422222222222222,-5.2,3.7333333333333334,0.9111111111111111,-5.977777777777778,11.222222222222221,0.3333333333333333,4.466666666666667,13.177777777777777,3.688888888888889
2020-09-23 15:32:00,0.5333333333333333,-11.977777777777778,-2.4444444444444446,-5.2,3.688888888888889,0.8444444444444444,-5.911111111111111,11.466666666666667,0.35555555555555557,4.5777777777777775,13.266666666666667,3.7111111111111112
2020-09-23 15:33:00,0.8,-11.977777777777778,-2.422222222222222,-5.2,3.6666666666666665,0.7777777777777778,-5.822222222222222,11.666666666666666,0.4,4.688888888888889,13.333333333333334,3.7777777777777777
2020-09-23 15:34:00,1.0222222222222221,-11.977777777777778,-2.3777777777777778,-5.177777777777778,3.6222222222222222,0.7555555555555555,-5.733333333333333,11.88888888888889,0.4,4.822222222222222,13.377777777777778,3.8222222222222224
2020-09-23 15:35:00,1.2444444444444445,-12.022222222222222,-2.311111111111111,-5.2,3.5555555555555554,0.7555555555555555,-5.688888888888889,12.088888888888889,0.4,4.977777777777778,13.4,3.8444444444444446
2020-09-23 15:36:00,1.4666666666666666,-12.066666666666666,-2.2444444444444445,-5.177777777777778,3.488888888888889,0.7777777777777778,-5.644444444444445,12.244444444444444,0.4444444444444444,5.133333333333334,13.4,3.8666666666666667
2020-09-23 15:37:00,1.6888888888888889,-12.133333333333333,-2.2222222222222223,-5.133333333333334,3.4444444444444446,0.7555555555555555,-5.5777777777777775,12.422222222222222,0.5333333333333333,5.311111111111111,13.4,3.8666666666666667
2020-09-23 15:38:00,1.9333333333333333,-12.2,-2.1777777777777776,-5.088888888888889,3.422222222222222,0.7111111111111111,-5.533333333333333,12.555555555555555,0.6,5.511111111111111,13.4,3.888888888888889
2020-09-23 15:39:00,2.1777777777777776,-12.244444444444444,-2.1333333333333333,-5.044444444444444,3.3777777777777778,0.6444444444444445,-5.511111111111111,12.666666666666666,0.6666666666666666,5.711111111111111,13.377777777777778,3.911111111111111
2020-09-23 15:40:00,2.3777777777777778,-12.28888888888889,-2.088888888888889,-4.955555555555556,3.3333333333333335,0.5777777777777777,-5.488888888888889,12.755555555555556,0.7111111111111111,5.888888888888889,13.355555555555556,3.9555555555555557
2020-09-23 15:41:00,2.577777777777778,-12.333333333333334,-2.0444444444444443,-4.866666666666666,3.2888888888888888,0.4666666666666667,-5.488888888888889,12.866666666666667,0.7555555555555555,6.066666666666666,13.355555555555556,4.0
2020-09-23 15:42:00,2.7777777777777777,-12.355555555555556,-1.9555555555555555,-4.777777777777778,3.2666666666666666,0.37777777777777777,-5.466666666666667,12.955555555555556,0.8,6.2444444444444445,13.333333333333334,4.044444444444444
2020-09-23 15:43:00,3.0,-12.377777777777778,-1.8444444444444446,-4.644444444444445,3.2666666666666666,0.28888888888888886,-5.466666666666667,13.0,0.8444444444444444,6.377777777777778,13.28888888888889,4.088888888888889
2020-09-23 15:44:00,3.2222222222222223,-12.4,-1.7777777777777777,-4.555555555555555,3.2666666666666666,0.2222222222222222,-5.488888888888889,13.022222222222222,0.9333333333333333,6.466666666666667,13.222222222222221,4.133333333333334
2020-09-23 15:45:00,3.4,-12.444444444444445,-1.6666666666666667,-4.511111111111111,3.311111111111111,0.13333333333333333,-5.511111111111111,13.022222222222222,1.0444444444444445,6.555555555555555,13.133333333333333,4.2
2020-09-23 15:46:00,3.5555555555555554,-12.466666666666667,-1.5333333333333334,-4.488888888888889,3.3777777777777778,0.0,-5.533333333333333,13.022222222222222,1.1777777777777778,6.622222222222222,13.066666666666666,4.266666666666667
2020-09-23 15:47:00,3.7111111111111112,-12.444444444444445,-1.4,-4.488888888888889,3.466666666666667,-0.17777777777777778,-5.5777777777777775,13.0,1.288888888888889,6.666666666666667,12.977777777777778,4.355555555555555
2020-09-23 15:48:00,3.8666666666666667,-12.444444444444445,-1.2444444444444445,-4.444444444444445,3.5555555555555554,-0.35555555555555557,-5.622222222222222,13.0,1.4222222222222223,6.733333333333333,12.866666666666667,4.4
2020-09-23 15:49:00,4.066666666666666,-12.488888888888889,-1.0444444444444445,-4.4,3.6666666666666665,-0.5111111111111111,-5.666666666666667,13.0,1.6,6.822222222222222,12.755555555555556,4.4
2020-09-23 15:50:00,4.266666666666667,-12.555555555555555,-0.8666666666666667,-4.355555555555555,3.7555555555555555,-0.6444444444444445,-5.688888888888889,13.044444444444444,1.7333333333333334,6.933333333333334,12.688888888888888,4.377777777777778
2020-09-23 15:51:00,4.488888888888889,-12.644444444444444,-0.6666666666666666,-4.311111111111111,3.8666666666666667,-0.7555555555555555,-5.688888888888889,13.088888888888889,1.8444444444444446,7.022222222222222,12.644444444444444,4.355555555555555
2020-09-23 15:52:00,4.711111111111111,-12.733333333333333,-0.4666666666666667,-4.288888888888889,3.933333333333333,-0.8444444444444444,-5.688888888888889,13.133333333333333,1.9111111111111112,7.088888888888889,12.622222222222222,4.355555555555555
2020-09-23 15:53:00,4.911111111111111,-12.8,-0.26666666666666666,-4.288888888888889,3.977777777777778,-0.9777777777777777,-5.733333333333333,13.222222222222221,2.022222222222222,7.155555555555556,12.577777777777778,4.377777777777778
2020-09-23 15:54:00,5.155555555555556,-12.866666666666667,-0.08888888888888889,-4.311111111111111,4.044444444444444,-1.1555555555555554,-5.7555555555555555,13.311111111111112,2.088888888888889,7.2444444444444445,12.533333333333333,4.4
2020-09-23 15:55:00,5.377777777777778,-12.933333333333334,0.06666666666666667,-4.311111111111111,4.088888888888889,-1.3333333333333333,-5.777777777777778,13.377777777777778,2.1555555555555554,7.333333333333333,12.511111111111111,4.4222222222222225
2020-09-23 15:56:00,5.5777777777777775,-12.955555555555556,0.26666666666666666,-4.288888888888889,4.111111111111111,-1.5333333333333334,-5.8,13.466666666666667,2.2222222222222223,7.377777777777778,12.466666666666667,4.466666666666667
2020-09-23 15:57:00,5.7555555555555555,-13.0,0.4666666666666667,-4.288888888888889,4.133333333333334,-1.711111111111111,-5.844444444444444,13.555555555555555,2.2666666666666666,7.444444444444445,12.444444444444445,4.533333333333333
2020-09-23 15:58:00,5.933333333333334,-13.044444444444444,0.6222222222222222,-4.288888888888889,4.155555555555556,-1.8444444444444446,-5.866666666666666,13.644444444444444,2.2666666666666666,7.533333333333333,12.377777777777778,4.622222222222222
2020-09-23 15:59:00,6.155555555555556,-13.066666666666666,0.7777777777777778,-4.311111111111111,4.222222222222222,-1.9555555555555555,-5.888888888888889,13.733333333333333,2.2666666666666666,7.622222222222222,12.28888888888889,4.711111111111111
2020-09-23 16:00:00,6.377777777777778,-13.088888888888889,0.9111111111111111,-4.333333333333333,4.288888888888889,-2.088888888888889,-5.911111111111111,13.822222222222223,2.2444444444444445,7.7555555555555555,12.244444444444444,4.822222222222222
2020-09-23 16:01:00,6.5777777777777775,-13.066666666666666,1.0444444444444445,-4.311111111111111,4.333333333333333,-2.2222222222222223,-5.933333333333334,13.866666666666667,2.2222222222222223,7.888888888888889,12.2,4.955555555555556
2020-09-23 16:02:00,6.733333333333333,-13.044444444444444,1.2,-4.266666666666667,4.355555555555555,-2.311111111111111,-5.977777777777778,13.88888888888889,2.2444444444444445,8.066666666666666,12.133333333333333,5.088888888888889
2020-09-23 16:03:00,6.933333333333334,-13.044444444444444,1.4,-4.222222222222222,4.377777777777778,-2.422222222222222,-6.044444444444444,13.911111111111111,2.2666666666666666,8.266666666666667,12.088888888888889,5.222222222222222
2020-09-23 16:04:00,7.111111111111111,-13.088888888888889,1.6,-4.177777777777778,4.355555555555555,-2.5555555555555554,-6.088888888888889,13.911111111111111,2.311111111111111,8.444444444444445,12.066666666666666,5.355555555555555
2020-09-23 16:05:00,7.288888888888889,-13.088888888888889,1.7777777777777777,-4.133333333333334,4.355555555555555,-2.7111111111111112,-6.155555555555556,13.866666666666667,2.3777777777777778,8.644444444444444,12.044444444444444,5.511111111111111
2020-09-23 16:06:00,7.488888888888889,-13.088888888888889,1.9555555555555555,-4.044444444444444,4.311111111111111,-2.8222222222222224,-6.2444444444444445,13.8,2.422222222222222,8.88888888888889,12.0,5.666666666666667
2020-09-23 16:07:00,7.644444444444445,-13.066666666666666,2.1333333333333333,-3.977777777777778,4.288888888888889,-2.911111111111111,-6.288888888888889,13.755555555555556,2.488888888888889,9.11111111111111,11.955555555555556,5.8
2020-09-23 16:08:00,7.822222222222222,-13.044444444444444,2.2888888888888888,-3.911111111111111,4.2444444444444445,-3.022222222222222,-6.333333333333333,13.71111111111111,2.533333333333333,9.333333333333334,11.933333333333334,5.933333333333334
2020-09-23 16:09:00,8.0,-13.022222222222222,2.4444444444444446,-3.8222222222222224,4.2444444444444445,-3.111111111111111,-6.355555555555555,13.644444444444444,2.6,9.533333333333333,11.911111111111111,6.066666666666666
2020-09-23 16:10:00,8.155555555555555,-12.955555555555556,2.5555555555555554,-3.7111111111111112,4.2,-3.2222222222222223,-6.4,13.6,2.688888888888889,9.71111111111111,11.88888888888889,6.222222222222222
2020-09-23 16:11:00,8.28888888888889,-12.933333333333334,2.6222222222222222,-3.6222222222222222,4.155555555555556,-3.311111111111111,-6.4222222222222225,13.511111111111111,2.7777777777777777,9.866666666666667,11.844444444444445,6.355555555555555
2020-09-23 16:12:00,8.4,-12.933333333333334,2.7111111111111112,-3.533333333333333,4.088888888888889,-3.3555555555555556,-6.444444444444445,13.4,2.8666666666666667,10.044444444444444,11.8,6.488888888888889
2020-09-23 16:13:00,8.488888888888889,-12.955555555555556,2.7555555555555555,-3.4444444444444446,4.0,-3.3777777777777778,-6.4222222222222225,13.266666666666667,2.9555555555555557,10.2,11.733333333333333,6.622222222222222
2020-09-23 16:14:00,8.6,-12.977777777777778,2.7777777777777777,-3.3333333333333335,3.888888888888889,-3.3555555555555556,-6.4,13.133333333333333,3.066666666666667,10.333333333333334,11.644444444444444,6.777777777777778
2020-09-23 16:15:00,8.666666666666666,-13.022222222222222,2.7777777777777777,-3.2666666666666666,3.8,-3.311111111111111,-6.333333333333333,13.022222222222222,3.1555555555555554,10.444444444444445,11.577777777777778,6.933333333333334
2020-09-23 16:16:00,8.733333333333333,-13.066666666666666,2.8,-3.2,3.7555555555555555,-3.2666666666666666,-6.311111111111111,12.955555555555556,3.2,10.533333333333333,11.533333333333333,7.088888888888889
2020-09-23 16:17:00,8.822222222222223,-13.155555555555555,2.8222222222222224,-3.1333333333333333,3.7111111111111112,-3.2666666666666666,-6.288888888888889,12.844444444444445,3.2222222222222223,10.6,11.466666666666667,7.266666666666667
2020-09-23 16:18:00,8.911111111111111,-13.266666666666667,2.8222222222222224,-3.066666666666667,3.688888888888889,-3.2222222222222223,-6.288888888888889,12.777777777777779,3.2222222222222223,10.622222222222222,11.4,7.444444444444445
2020-09-23 16:19:00,9.022222222222222,-13.377777777777778,2.8444444444444446,-3.0,3.6444444444444444,-3.2222222222222223,-6.311111111111111,12.688888888888888,3.2222222222222223,10.6,11.311111111111112,7.644444444444445
2020-09-23 16:20:00,9.088888888888889,-13.444444444444445,2.8666666666666667,-2.888888888888889,3.577777777777778,-3.2222222222222223,-6.288888888888889,12.6,3.2,10.6,11.244444444444444,7.888888888888889
2020-09-23 16:21:00,9.133333333333333,-13.488888888888889,2.8666666666666667,-2.7777777777777777,3.511111111111111,-3.2222222222222223,-6.288888888888889,12.533333333333333,3.1777777777777776,10.577777777777778,11.155555555555555,8.133333333333333
2020-09-23 16:22:00,9.177777777777777,-13.533333333333333,2.911111111111111,-2.6444444444444444,3.422222222222222,-3.1777777777777776,-6.311111111111111,12.444444444444445,3.1555555555555554,10.533333333333333,11.11111111111111,8.377777777777778
2020-09-23 16:23:00,9.244444444444444,-13.577777777777778,2.9555555555555557,-2.466666666666667,3.311111111111111,-3.1333333333333333,-6.333333333333333,12.355555555555556,3.1333333333333333,10.511111111111111,11.066666666666666,8.644444444444444
2020-09-23 16:24:00,9.266666666666667,-13.644444444444444,2.9555555555555557,-2.2666666666666666,3.1777777777777776,-3.0444444444444443,-6.355555555555555,12.266666666666667,3.111111111111111,10.466666666666667,11.044444444444444,8.933333333333334
2020-09-23 16:25:00,9.28888888888889,-13.755555555555556,2.933333333333333,-2.066666666666667,3.088888888888889,-2.933333333333333,-6.377777777777778,12.177777777777777,3.111111111111111,10.422222222222222,11.022222222222222,9.244444444444444
2020-09-23 16:26:00,9.28888888888889,-13.844444444444445,2.933333333333333,-1.8444444444444446,2.9555555555555557,-2.8,-6.377777777777778,12.11111111111111,3.111111111111111,10.4,10.977777777777778,9.533333333333333
2020-09-23 16:27:00,9.266666666666667,-13.955555555555556,2.933333333333333,-1.6222222222222222,2.8222222222222224,-2.6666666666666665,-6.4222222222222225,12.066666666666666,3.088888888888889,10.377777777777778,10.977777777777778,9.822222222222223
2020-09-23 16:28:00,9.2,-14.088888888888889,2.911111111111111,-1.4222222222222223,2.688888888888889,-2.511111111111111,-6.4222222222222225,12.066666666666666,3.0444444444444443,10.377777777777778,10.977777777777778,10.088888888888889
2020-09-23 16:29:00,9.155555555555555,-14.222222222222221,2.888888888888889,-1.2,2.5555555555555554,-2.4,-6.4222222222222225,12.11111111111111,3.0,10.422222222222222,10.977777777777778,10.355555555555556
2020-09-23 16:30:00,9.133333333333333,-14.311111111111112,2.8222222222222224,-0.9333333333333333,2.422222222222222,-2.311111111111111,-6.466666666666667,12.155555555555555,2.933333333333333,10.511111111111111,11.0,10.622222222222222
2020-09-23 16:31:00,9.133333333333333,-14.4,2.7111111111111112,-0.6888888888888889,2.2666666666666666,-2.2222222222222223,-6.466666666666667,12.2,2.8444444444444446,10.622222222222222,11.022222222222222,10.88888888888889
2020-09-23 16:32:00,9.133333333333333,-14.511111111111111,2.5555555555555554,-0.4,2.1333333333333333,-2.1333333333333333,-6.466666666666667,12.222222222222221,2.8,10.755555555555556,11.088888888888889,11.11111111111111
2020-09-23 16:33:00,9.088888888888889,-14.622222222222222,2.3777777777777778,-0.13333333333333333,2.022222222222222,-2.066666666666667,-6.466666666666667,12.266666666666667,2.7333333333333334,10.866666666666667,11.133333333333333,11.377777777777778
2020-09-23 16:34:00,9.0,-14.733333333333333,2.1555555555555554,0.1111111111111111,1.9111111111111112,-2.022222222222222,-6.488888888888889,12.311111111111112,2.6222222222222222,11.0,11.222222222222221,11.688888888888888
2020-09-23 16:35:00,8.88888888888889,-14.822222222222223,1.9555555555555555,0.3111111111111111,1.7777777777777777,-2.0,-6.555555555555555,12.333333333333334,2.533333333333333,11.11111111111111,11.266666666666667,12.0
2020-09-23 16:36:00,8.733333333333333,-14.911111111111111,1.711111111111111,0.4888888888888889,1.6,-2.022222222222222,-6.666666666666667,12.333333333333334,2.488888888888889,11.222222222222221,11.311111111111112,12.28888888888889
2020-09-23 16:37:00,8.577777777777778,-15.0,1.4444444444444444,0.6888888888888889,1.4222222222222223,-2.066666666666667,-6.7555555555555555,12.355555555555556,2.4444444444444446,11.333333333333334,11.355555555555556,12.577777777777778
2020-09-23 16:38:00,8.444444444444445,-15.11111111111111,1.1333333333333333,0.9333333333333333,1.288888888888889,-2.066666666666667,-6.8,12.355555555555556,2.3777777777777778,11.422222222222222,11.422222222222222,12.822222222222223
2020-09-23 16:39:00,8.266666666666667,-15.244444444444444,0.8666666666666667,1.2222222222222223,1.1111111111111112,-2.0444444444444443,-6.866666666666666,12.355555555555556,2.3333333333333335,11.511111111111111,11.488888888888889,13.066666666666666
2020-09-23 16:40:00,8.088888888888889,-15.355555555555556,0.6444444444444445,1.488888888888889,0.9555555555555556,-2.022222222222222,-6.911111111111111,12.377777777777778,2.2888888888888888,11.622222222222222,11.577777777777778,13.28888888888889
2020-09-23 16:41:00,7.911111111111111,-15.488888888888889,0.37777777777777777,1.7555555555555555,0.8222222222222222,-1.9777777777777779,-6.933333333333334,12.355555555555556,2.2444444444444445,11.733333333333333,11.688888888888888,13.488888888888889
2020-09-23 16:42:00,7.777777777777778,-15.6,0.13333333333333333,2.0444444444444443,0.7111111111111111,-1.9555555555555555,-6.977777777777778,12.28888888888889,2.1777777777777776,11.844444444444445,11.8,13.644444444444444
2020-09-23 16:43:00,7.666666666666667,-15.688888888888888,-0.08888888888888889,2.3555555555555556,0.6,-1.9555555555555555,-7.022222222222222,12.222222222222221,2.1555555555555554,11.933333333333334,11.955555555555556,13.777777777777779
2020-09-23 16:44:00,7.511111111111111,-15.8,-0.28888888888888886,2.7111111111111112,0.4888888888888889,-1.9333333333333333,-7.066666666666666,12.177777777777777,2.111111111111111,12.044444444444444,12.11111111111111,13.88888888888889
2020-09-23 16:45:00,7.333333333333333,-15.88888888888889,-0.4444444444444444,3.066666666666667,0.37777777777777777,-1.9111111111111112,-7.111111111111111,12.088888888888889,2.088888888888889,12.133333333333333,12.244444444444444,13.955555555555556
2020-09-23 16:46:00,7.177777777777778,-15.977777777777778,-0.6,3.3777777777777778,0.26666666666666666,-1.8666666666666667,-7.155555555555556,12.044444444444444,2.022222222222222,12.222222222222221,12.377777777777778,14.0
2020-09-23 16:47:00,7.022222222222222,-16.022222222222222,-0.8,3.688888888888889,0.15555555555555556,-1.8222222222222222,-7.222222222222222,12.0,1.9555555555555555,12.28888888888889,12.533333333333333,14.066666666666666
2020-09-23 16:48:00,6.866666666666666,-16.022222222222222,-1.0222222222222221,4.0,0.022222222222222223,-1.7777777777777777,-7.266666666666667,11.977777777777778,1.8888888888888888,12.355555555555556,12.71111111111111,14.155555555555555
2020-09-23 16:49:00,6.711111111111111,-16.0,-1.2,4.355555555555555,-0.1111111111111111,-1.7333333333333334,-7.311111111111111,11.955555555555556,1.8222222222222222,12.444444444444445,12.88888888888889,14.2
2020-09-23 16:50:00,6.533333333333333,-15.977777777777778,-1.3555555555555556,4.688888888888889,-0.24444444444444444,-1.6888888888888889,-7.377777777777778,11.955555555555556,1.711111111111111,12.511111111111111,13.022222222222222,14.244444444444444
2020-09-23 16:51:00,6.377777777777778,-16.0,-1.511111111111111,4.977777777777778,-0.37777777777777777,-1.6666666666666667,-7.4222222222222225,11.955555555555556,1.6222222222222222,12.577777777777778,13.155555555555555,14.28888888888889
2020-09-23 16:52:00,6.222222222222222,-16.044444444444444,-1.6444444444444444,5.266666666666667,-0.5555555555555556,-1.6444444444444444,-7.488888888888889,11.955555555555556,1.511111111111111,12.622222222222222,13.266666666666667,14.377777777777778
2020-09-23 16:53:00,6.088888888888889,-16.08888888888889,-1.7555555555555555,5.555555555555555,-0.6888888888888889,-1.6,-7.5777777777777775,11.911111111111111,1.4,12.644444444444444,13.4,14.466666666666667
2020-09-23 16:54:00,5.955555555555556,-16.11111111111111,-1.8222222222222222,5.844444444444444,-0.8222222222222222,-1.6,-7.688888888888889,11.844444444444445,1.2666666666666666,12.666666666666666,13.555555555555555,14.555555555555555
2020-09-23 16:55:00,5.8,-16.133333333333333,-1.8444444444444446,6.155555555555556,-0.9555555555555556,-1.5777777777777777,-7.822222222222222,11.755555555555556,1.1111111111111112,12.666666666666666,13.71111111111111,14.644444444444444
2020-09-23 16:56:00,5.666666666666667,-16.133333333333333,-1.8444444444444446,6.444444444444445,-1.1111111111111112,-1.5777777777777777,-8.0,11.666666666666666,0.9555555555555556,12.666666666666666,13.844444444444445,14.755555555555556
2020-09-23 16:57:00,5.555555555555555,-16.11111111111111,-1.8666666666666667,6.733333333333333,-1.288888888888889,-1.5777777777777777,-8.133333333333333,11.555555555555555,0.7555555555555555,12.688888888888888,13.955555555555556,14.88888888888889
2020-09-23 16:58:00,5.444444444444445,-16.066666666666666,-1.8666666666666667,7.022222222222222,-1.4444444444444444,-1.5777777777777777,-8.266666666666667,11.444444444444445,0.5555555555555556,12.733333333333333,14.11111111111111,15.022222222222222
2020-09-23 16:59:00,5.333333333333333,-16.022222222222222,-1.8888888888888888,7.288888888888889,-1.5777777777777777,-1.6,-8.377777777777778,11.333333333333334,0.3333333333333333,12.777777777777779,14.28888888888889,15.177777777777777
2020-09-23 17:00:00,5.222222222222222,-15.933333333333334,-1.9111111111111112,7.555555555555555,-1.711111111111111,-1.6444444444444444,-8.511111111111111,11.222222222222221,0.13333333333333333,12.8,14.466666666666667,15.311111111111112
2020-09-23 17:01:00,5.111111111111111,-15.88888888888889,-1.9555555555555555,7.822222222222222,-1.8444444444444446,-1.6444444444444444,-8.644444444444444,11.066666666666666,-0.06666666666666667,12.822222222222223,14.622222222222222,15.488888888888889
2020-09-23 17:02:00,5.0,-15.844444444444445,-2.0444444444444443,8.088888888888889,-2.0,-1.6444444444444444,-8.822222222222223,10.955555555555556,-0.2222222222222222,12.822222222222223,14.8,15.622222222222222
2020-09-23 17:03:00,4.888888888888889,-15.8,-2.1333333333333333,8.355555555555556,-2.1555555555555554,-1.6888888888888889,-8.977777777777778,10.8,-0.37777777777777777,12.822222222222223,15.0,15.755555555555556
2020-09-23 17:04:00,4.7555555555555555,-15.733333333333333,-2.2444444444444445,8.622222222222222,-2.2666666666666666,-1.7333333333333334,-9.133333333333333,10.688888888888888,-0.5333333333333333,12.822222222222223,15.2,15.866666666666667
2020-09-23 17:05:00,4.644444444444445,-15.71111111111111,-2.3777777777777778,8.866666666666667,-2.3777777777777778,-1.8,-9.28888888888889,10.577777777777778,-0.6444444444444445,12.777777777777779,15.422222222222222,15.933333333333334
2020-09-23 17:06:00,4.511111111111111,-15.688888888888888,-2.533333333333333,9.088888888888889,-2.511111111111111,-1.8444444444444446,-9.422222222222222,10.444444444444445,-0.7555555555555555,12.755555555555556,15.666666666666666,15.977777777777778
2020-09-23 17:07:00,4.377777777777778,-15.622222222222222,-2.7333333333333334,9.311111111111112,-2.6444444444444444,-1.9111111111111112,-9.533333333333333,10.333333333333334,-0.8888888888888888,12.777777777777779,15.911111111111111,16.066666666666666
2020-09-23 17:08:00,4.222222222222222,-15.555555555555555,-2.977777777777778,9.533333333333333,-2.7555555555555555,-1.9555555555555555,-9.6,10.244444444444444,-1.0,12.777777777777779,16.11111111111111,16.11111111111111
2020-09-23 17:09:00,4.111111111111111,-15.444444444444445,-3.2222222222222223,9.733333333333333,-2.8444444444444446,-2.022222222222222,-9.622222222222222,10.177777777777777,-1.0666666666666667,12.777777777777779,16.31111111111111,16.177777777777777
2020-09-23 17:10:00,4.044444444444444,-15.311111111111112,-3.466666666666667,9.88888888888889,-2.977777777777778,-2.1333333333333333,-9.644444444444444,10.133333333333333,-1.1555555555555554,12.777777777777779,16.488888888888887,16.244444444444444
2020-09-23 17:11:00,3.977777777777778,-15.2,-3.688888888888889,10.0,-3.066666666666667,-2.2444444444444445,-9.666666666666666,10.066666666666666,-1.2444444444444445,12.755555555555556,16.711111111111112,16.333333333333332
2020-09-23 17:12:00,3.933333333333333,-15.11111111111111,-3.933333333333333,10.066666666666666,-3.1333333333333333,-2.3777777777777778,-9.666666666666666,9.977777777777778,-1.3333333333333333,12.755555555555556,16.933333333333334,16.377777777777776
2020-09-23 17:13:00,3.911111111111111,-15.022222222222222,-4.155555555555556,10.11111111111111,-3.2,-2.5555555555555554,-9.666666666666666,9.844444444444445,-1.3777777777777778,12.755555555555556,17.155555555555555,16.444444444444443
2020-09-23 17:14:00,3.888888888888889,-14.933333333333334,-4.377777777777778,10.133333333333333,-3.2444444444444445,-2.7111111111111112,-9.644444444444444,9.688888888888888,-1.4222222222222223,12.71111111111111,17.377777777777776,16.511111111111113
2020-09-23 17:15:00,3.8666666666666667,-14.866666666666667,-4.5777777777777775,10.155555555555555,-3.2888888888888888,-2.8222222222222224,-9.6,9.511111111111111,-1.4666666666666666,12.644444444444444,17.57777777777778,16.555555555555557
2020-09-23 17:16:00,3.8222222222222224,-14.844444444444445,-4.7555555555555555,10.2,-3.3555555555555556,-2.933333333333333,-9.6,9.333333333333334,-1.511111111111111,12.555555555555555,17.733333333333334,16.57777777777778
2020-09-23 17:17:00,3.7777777777777777,-14.8,-4.911111111111111,10.2,-3.466666666666667,-3.0,-9.622222222222222,9.2,-1.5555555555555556,12.444444444444445,17.88888888888889,16.644444444444446
2020-09-23 17:18:00,3.7555555555555555,-14.733333333333333,-5.066666666666666,10.2,-3.5555555555555554,-3.066666666666667,-9.666666666666666,9.044444444444444,-1.5555555555555556,12.377777777777778,18.08888888888889,16.68888888888889
2020-09-23 17:19:00,3.7777777777777777,-14.622222222222222,-5.177777777777778,10.244444444444444,-3.6444444444444444,-3.111111111111111,-9.71111111111111,8.866666666666667,-1.5555555555555556,12.266666666666667,18.288888888888888,16.733333333333334
2020-09-23 17:20:00,3.7777777777777777,-14.511111111111111,-5.311111111111111,10.311111111111112,-3.7111111111111112,-3.1333333333333333,-9.71111111111111,8.71111111111111,-1.5333333333333334,12.133333333333333,18.533333333333335,16.77777777777778
2020-09-23 17:21:00,3.8222222222222224,-14.422222222222222,-5.4222222222222225,10.377777777777778,-3.7777777777777777,-3.111111111111111,-9.71111111111111,8.577777777777778,-1.5555555555555556,12.022222222222222,18.755555555555556,16.844444444444445
2020-09-23 17:22:00,3.8666666666666667,-14.355555555555556,-5.533333333333333,10.4,-3.8444444444444446,-3.0444444444444443,-9.733333333333333,8.422222222222222,-1.5777777777777777,11.911111111111111,18.955555555555556,16.88888888888889
2020-09-23 17:23:00,3.8666666666666667,-14.244444444444444,-5.644444444444445,10.422222222222222,-3.9555555555555557,-2.977777777777778,-9.777777777777779,8.244444444444444,-1.6,11.844444444444445,19.11111111111111,16.977777777777778
2020-09-23 17:24:00,3.911111111111111,-14.133333333333333,-5.7555555555555555,10.4,-4.066666666666666,-2.911111111111111,-9.777777777777779,8.022222222222222,-1.6222222222222222,11.755555555555556,19.288888888888888,17.022222222222222
2020-09-23 17:25:00,3.9555555555555557,-14.044444444444444,-5.911111111111111,10.422222222222222,-4.2,-2.8444444444444446,-9.755555555555556,7.7555555555555555,-1.6,11.666666666666666,19.466666666666665,17.044444444444444
2020-09-23 17:26:00,4.0,-13.933333333333334,-6.066666666666666,10.422222222222222,-4.355555555555555,-2.8,-9.755555555555556,7.488888888888889,-1.6222222222222222,11.6,19.622222222222224,17.066666666666666
2020-09-23 17:27:00,4.0,-13.844444444444445,-6.266666666666667,10.4,-4.533333333333333,-2.7111111111111112,-9.71111111111111,7.266666666666667,-1.6,11.488888888888889,19.8,17.08888888888889
2020-09-23 17:28:00,3.977777777777778,-13.777777777777779,-6.444444444444445,10.355555555555556,-4.711111111111111,-2.6,-9.688888888888888,7.0,-1.6,11.377777777777778,19.977777777777778,17.11111111111111
2020-09-23 17:29:00,3.9555555555555557,-13.688888888888888,-6.6,10.311111111111112,-4.888888888888889,-2.488888888888889,-9.644444444444444,6.733333333333333,-1.6,11.244444444444444,20.155555555555555,17.133333333333333
2020-09-23 17:30:00,3.9555555555555557,-13.6,-6.8,10.222222222222221,-5.066666666666666,-2.3333333333333335,-9.644444444444444,6.488888888888889,-1.6,11.133333333333333,20.355555555555554,17.2
2020-09-23 17:31:00,3.911111111111111,-13.511111111111111,-7.022222222222222,10.133333333333333,-5.2444444444444445,-2.1777777777777776,-9.622222222222222,6.2444444444444445,-1.5777777777777777,11.022222222222222,20.555555555555557,17.244444444444444
2020-09-23 17:32:00,3.888888888888889,-13.466666666666667,-7.2444444444444445,10.022222222222222,-5.377777777777778,-2.0444444444444443,-9.577777777777778,6.022222222222222,-1.5555555555555556,10.911111111111111,20.77777777777778,17.266666666666666
2020-09-23 17:33:00,3.8666666666666667,-13.444444444444445,-7.444444444444445,9.911111111111111,-5.466666666666667,-1.8888888888888888,-9.555555555555555,5.777777777777778,-1.5333333333333334,10.777777777777779,21.0,17.288888888888888
2020-09-23 17:34:00,3.8444444444444446,-13.444444444444445,-7.644444444444445,9.755555555555556,-5.511111111111111,-1.7333333333333334,-9.533333333333333,5.511111111111111,-1.5555555555555556,10.644444444444444,21.177777777777777,17.333333333333332
2020-09-23 17:35:00,3.8,-13.488888888888889,-7.866666666666666,9.577777777777778,-5.555555555555555,-1.5333333333333334,-9.488888888888889,5.222222222222222,-1.5333333333333334,10.488888888888889,21.355555555555554,17.333333333333332
2020-09-23 17:36:00,3.7111111111111112,-13.533333333333333,-8.066666666666666,9.4,-5.555555555555555,-1.3555555555555556,-9.466666666666667,4.933333333333334,-1.5333333333333334,10.28888888888889,21.555555555555557,17.31111111111111
2020-09-23 17:37:00,3.6444444444444444,-13.555555555555555,-8.266666666666667,9.2,-5.533333333333333,-1.2222222222222223,-9.466666666666667,4.622222222222222,-1.511111111111111,10.088888888888889,21.755555555555556,17.244444444444444
2020-09-23 17:38:00,3.533333333333333,-13.533333333333333,-8.488888888888889,8.955555555555556,-5.511111111111111,-1.1111111111111112,-9.444444444444445,4.333333333333333,-1.488888888888889,9.911111111111111,21.91111111111111,17.155555555555555
2020-09-23 17:39:00,3.4444444444444446,-13.533333333333333,-8.733333333333333,8.666666666666666,-5.533333333333333,-1.0,-9.422222222222222,4.088888888888889,-1.488888888888889,9.777777777777779,22.044444444444444,17.044444444444444
2020-09-23 17:40:00,3.4,-13.555555555555555,-8.977777777777778,8.355555555555556,-5.511111111111111,-0.8888888888888888,-9.377777777777778,3.888888888888889,-1.4666666666666666,9.644444444444444,22.22222222222222,16.91111111111111
2020-09-23 17:41:00,3.3333333333333335,-13.6,-9.244444444444444,8.044444444444444,-5.488888888888889,-0.8,-9.311111111111112,3.7333333333333334,-1.4222222222222223,9.533333333333333,22.444444444444443,16.77777777777778
2020-09-23 17:42:00,3.2444444444444445,-13.644444444444444,-9.511111111111111,7.733333333333333,-5.4222222222222225,-0.7555555555555555,-9.266666666666667,3.6,-1.3333333333333333,9.4,22.68888888888889,16.644444444444446
2020-09-23 17:43:00,3.2,-13.733333333333333,-9.777777777777779,7.444444444444445,-5.333333333333333,-0.6888888888888889,-9.266666666666667,3.466666666666667,-1.2444444444444445,9.244444444444444,22.91111111111111,16.511111111111113
2020-09-23 17:44:00,3.1555555555555554,-13.822222222222223,-10.0,7.133333333333334,-5.222222222222222,-0.6222222222222222,-9.266666666666667,3.3333333333333335,-1.1111111111111112,9.11111111111111,23.133333333333333,16.355555555555554
2020-09-23 17:45:00,3.111111111111111,-13.955555555555556,-10.222222222222221,6.866666666666666,-5.155555555555556,-0.5333333333333333,-9.28888888888889,3.2,-1.0,9.022222222222222,23.377777777777776,16.22222222222222
2020-09-23 17:46:00,3.066666666666667,-14.044444444444444,-10.4,6.622222222222222,-5.111111111111111,-0.4888888888888889,-9.28888888888889,3.088888888888889,-0.8888888888888888,8.911111111111111,23.622222222222224,16.08888888888889
2020-09-23 17:47:00,3.022222222222222,-14.133333333333333,-10.533333333333333,6.377777777777778,-5.044444444444444,-0.4,-9.244444444444444,2.933333333333333,-0.7777777777777778,8.8,23.822222222222223,15.977777777777778
2020-09-23 17:48:00,2.933333333333333,-14.2,-10.644444444444444,6.133333333333334,-5.0,-0.26666666666666666,-9.2,2.8222222222222224,-0.6222222222222222,8.688888888888888,24.0,15.866666666666667
2020-09-23 17:49:00,2.888888888888889,-14.28888888888889,-10.777777777777779,5.888888888888889,-4.977777777777778,-0.13333333333333333,-9.133333333333333,2.6666666666666665,-0.4222222222222222,8.577777777777778,24.177777777777777,15.777777777777779
2020-09-23 17:50:00,2.8444444444444446,-14.377777777777778,-10.866666666666667,5.622222222222222,-4.955555555555556,0.022222222222222223,-9.11111111111111,2.488888888888889,-0.2222222222222222,8.511111111111111,24.31111111111111,15.688888888888888
2020-09-23 17:51:00,2.8222222222222224,-14.444444444444445,-10.933333333333334,5.355555555555555,-4.933333333333334,0.13333333333333333,-9.088888888888889,2.311111111111111,-0.06666666666666667,8.422222222222222,24.42222222222222,15.6
2020-09-23 17:52:00,2.8222222222222224,-14.511111111111111,-10.955555555555556,5.088888888888889,-4.888888888888889,0.26666666666666666,-9.11111111111111,2.1333333333333333,0.1111111111111111,8.28888888888889,24.488888888888887,15.488888888888889
2020-09-23 17:53:00,2.8444444444444446,-14.622222222222222,-10.977777777777778,4.8,-4.888888888888889,0.37777777777777777,-9.133333333333333,1.9333333333333333,0.24444444444444444,8.155555555555555,24.57777777777778,15.377777777777778
2020-09-23 17:54:00,2.8222222222222224,-14.733333333333333,-10.955555555555556,4.533333333333333,-4.911111111111111,0.4666666666666667,-9.177777777777777,1.7555555555555555,0.3333333333333333,8.022222222222222,24.666666666666668,15.244444444444444
2020-09-23 17:55:00,2.8,-14.822222222222223,-10.911111111111111,4.266666666666667,-4.888888888888889,0.5555555555555556,-9.266666666666667,1.5333333333333334,0.4444444444444444,7.911111111111111,24.77777777777778,15.066666666666666
2020-09-23 17:56:00,2.7777777777777777,-14.866666666666667,-10.866666666666667,4.044444444444444,-4.866666666666666,0.6222222222222222,-9.355555555555556,1.3333333333333333,0.6,7.8,24.88888888888889,14.844444444444445
2020-09-23 17:57:00,2.7111111111111112,-14.88888888888889,-10.844444444444445,3.8222222222222224,-4.888888888888889,0.6888888888888889,-9.444444444444445,1.1555555555555554,0.7555555555555555,7.644444444444445,24.977777777777778,14.666666666666666
2020-09-23 17:58:00,2.6444444444444444,-14.933333333333334,-10.844444444444445,3.6444444444444444,-4.911111111111111,0.7555555555555555,-9.533333333333333,0.9777777777777777,0.8666666666666667,7.488888888888889,25.11111111111111,14.466666666666667
2020-09-23 17:59:00,2.577777777777778,-14.955555555555556,-10.822222222222223,3.511111111111111,-4.911111111111111,0.8,-9.622222222222222,0.8,0.9555555555555556,7.355555555555555,25.266666666666666,14.28888888888889
2020-09-23 18:00:00,2.511111111111111,-14.955555555555556,-10.8,3.3333333333333335,-4.911111111111111,0.8222222222222222,-9.71111111111111,0.6666666666666666,1.0444444444444445,7.222222222222222,25.444444444444443,14.133333333333333
2020-09-23 18:01:00,2.422222222222222,-14.955555555555556,-10.8,3.1777777777777776,-4.888888888888889,0.8666666666666667,-9.777777777777779,0.5555555555555556,1.1555555555555554,7.088888888888889,25.644444444444446,13.977777777777778
2020-09-23 18:02:00,2.3333333333333335,-14.977777777777778,-10.822222222222223,3.066666666666667,-4.866666666666666,0.8666666666666667,-9.822222222222223,0.4,1.2666666666666666,6.955555555555556,25.844444444444445,13.777777777777779
2020-09-23 18:03:00,2.2222222222222223,-15.0,-10.822222222222223,2.933333333333333,-4.866666666666666,0.9111111111111111,-9.822222222222223,0.24444444444444444,1.3333333333333333,6.8,26.0,13.577777777777778
2020-09-23 18:04:00,2.066666666666667,-15.044444444444444,-10.866666666666667,2.7555555555555555,-4.888888888888889,0.9555555555555556,-9.844444444444445,0.08888888888888889,1.4222222222222223,6.666666666666667,26.11111111111111,13.355555555555556
2020-09-23 18:05:00,1.9333333333333333,-15.11111111111111,-10.866666666666667,2.6,-4.888888888888889,0.9777777777777777,-9.866666666666667,-0.08888888888888889,1.488888888888889,6.5777777777777775,26.22222222222222,13.177777777777777
2020-09-23 18:06:00,1.8,-15.155555555555555,-10.88888888888889,2.4444444444444446,-4.844444444444444,1.0,-9.88888888888889,-0.24444444444444444,1.5777777777777777,6.466666666666667,26.333333333333332,12.977777777777778
2020-09-23 18:07:00,1.6222222222222222,-15.177777777777777,-10.88888888888889,2.3333333333333335,-4.7555555555555555,0.9777777777777777,-9.866666666666667,-0.35555555555555557,1.6666666666666667,6.377777777777778,26.444444444444443,12.777777777777779
2020-09-23 18:08:00,1.4444444444444444,-15.244444444444444,-10.866666666666667,2.1777777777777776,-4.644444444444445,0.9333333333333333,-9.822222222222223,-0.4444444444444444,1.7555555555555555,6.288888888888889,26.555555555555557,12.577777777777778
2020-09-23 18:09:00,1.2666666666666666,-15.28888888888889,-10.844444444444445,2.0444444444444443,-4.511111111111111,0.9111111111111111,-9.822222222222223,-0.5333333333333333,1.8444444444444446,6.2,26.622222222222224,12.422222222222222
2020-09-23 18:10:00,1.0666666666666667,-15.28888888888889,-10.777777777777779,1.9111111111111112,-4.4,0.8444444444444444,-9.822222222222223,-0.6222222222222222,1.9111111111111112,6.066666666666666,26.68888888888889,12.266666666666667
2020-09-23 18:11:00,0.8444444444444444,-15.311111111111112,-10.666666666666666,1.8,-4.266666666666667,0.7777777777777778,-9.8,-0.7111111111111111,2.022222222222222,5.955555555555556,26.77777777777778,12.133333333333333
2020-09-23 18:12:00,0.6222222222222222,-15.311111111111112,-10.533333333333333,1.7333333333333334,-4.133333333333334,0.7111111111111111,-9.822222222222223,-0.8,2.111111111111111,5.888888888888889,26.844444444444445,12.0
2020-09-23 18:13:00,0.4,-15.28888888888889,-10.4,1.711111111111111,-3.9555555555555557,0.6,-9.8,-0.8888888888888888,2.1777777777777776,5.866666666666666,26.88888888888889,11.88888888888889
2020-09-23 18:14:00,0.2,-15.28888888888889,-10.311111111111112,1.6666666666666667,-3.8222222222222224,0.4666666666666667,-9.8,-1.0,2.2666666666666666,5.844444444444444,26.955555555555556,11.8
2020-09-23 18:15:00,0.0,-15.311111111111112,-10.177777777777777,1.6444444444444444,-3.6666666666666665,0.28888888888888886,-9.755555555555556,-1.1111111111111112,2.3333333333333335,5.822222222222222,27.022222222222222,11.71111111111111
2020-09-23 18:16:00,-0.15555555555555556,-15.333333333333334,-10.066666666666666,1.6444444444444444,-3.511111111111111,0.08888888888888889,-9.733333333333333,-1.2666666666666666,2.422222222222222,5.822222222222222,27.066666666666666,11.644444444444444
2020-09-23 18:17:00,-0.3333333333333333,-15.333333333333334,-9.933333333333334,1.6444444444444444,-3.4,-0.13333333333333333,-9.71111111111111,-1.4,2.466666666666667,5.822222222222222,27.08888888888889,11.577777777777778
2020-09-23 18:18:00,-0.5111111111111111,-15.333333333333334,-9.822222222222223,1.6444444444444444,-3.2888888888888888,-0.35555555555555557,-9.688888888888888,-1.488888888888889,2.466666666666667,5.8,27.11111111111111,11.466666666666667
2020-09-23 18:19:00,-0.6444444444444445,-15.311111111111112,-9.71111111111111,1.6444444444444444,-3.2222222222222223,-0.5555555555555556,-9.666666666666666,-1.5555555555555556,2.511111111111111,5.7555555555555555,27.177777777777777,11.333333333333334
2020-09-23 18:20:00,-0.7333333333333333,-15.244444444444444,-9.577777777777778,1.6444444444444444,-3.1555555555555554,-0.7777777777777778,-9.644444444444444,-1.6222222222222222,2.5555555555555554,5.7555555555555555,27.244444444444444,11.2
2020-09-23 18:21:00,-0.8,-15.133333333333333,-9.488888888888889,1.6666666666666667,-3.1333333333333333,-1.0,-9.577777777777778,-1.6444444444444444,2.6,5.777777777777778,27.288888888888888,11.088888888888889
2020-09-23 18:22:00,-0.8666666666666667,-15.0,-9.377777777777778,1.7333333333333334,-3.088888888888889,-1.2222222222222223,-9.511111111111111,-1.6444444444444444,2.6,5.844444444444444,27.333333333333332,11.022222222222222
2020-09-23 18:23:00,-0.9111111111111111,-14.911111111111111,-9.28888888888889,1.8222222222222222,-3.0444444444444443,-1.4222222222222223,-9.422222222222222,-1.6222222222222222,2.6,5.888888888888889,27.42222222222222,10.933333333333334
2020-09-23 18:24:00,-1.0,-14.8,-9.222222222222221,1.9333333333333333,-3.0,-1.6222222222222222,-9.28888888888889,-1.6222222222222222,2.6444444444444444,5.888888888888889,27.488888888888887,10.866666666666667
2020-09-23 18:25:00,-1.0888888888888888,-14.71111111111111,-9.2,2.0444444444444443,-3.0,-1.8666666666666667,-9.177777777777777,-1.6222222222222222,2.688888888888889,5.911111111111111,27.511111111111113,10.844444444444445
2020-09-23 18:26:00,-1.1333333333333333,-14.6,-9.133333333333333,2.1555555555555554,-2.9555555555555557,-2.088888888888889,-9.044444444444444,-1.6666666666666667,2.7111111111111112,5.933333333333334,27.511111111111113,10.777777777777779
2020-09-23 18:27:00,-1.1333333333333333,-14.511111111111111,-9.044444444444444,2.2666666666666666,-2.933333333333333,-2.2888888888888888,-8.933333333333334,-1.711111111111111,2.7333333333333334,5.955555555555556,27.466666666666665,10.688888888888888
2020-09-23 18:28:00,-1.1333333333333333,-14.377777777777778,-8.933333333333334,2.3333333333333335,-2.9555555555555557,-2.533333333333333,-8.8,-1.7777777777777777,2.7777777777777777,5.977777777777778,27.4,10.6
2020-09-23 18:29:00,-1.1555555555555554,-14.244444444444444,-8.822222222222223,2.422222222222222,-3.0,-2.7555555555555555,-8.688888888888888,-1.8888888888888888,2.8,5.977777777777778,27.31111111111111,10.511111111111111
2020-09-23 18:30:00,-1.1555555555555554,-14.066666666666666,-8.688888888888888,2.511111111111111,-3.022222222222222,-2.9555555555555557,-8.533333333333333,-2.022222222222222,2.8666666666666667,5.955555555555556,27.2,10.444444444444445
2020-09-23 18:31:00,-1.1777777777777778,-13.88888888888889,-8.6,2.6,-3.066666666666667,-3.1555555555555554,-8.4,-2.1777777777777776,2.9555555555555557,5.955555555555556,27.08888888888889,10.333333333333334
2020-09-23 18:32:00,-1.2222222222222223,-13.688888888888888,-8.511111111111111,2.7111111111111112,-3.1333333333333333,-3.4,-8.266666666666667,-2.311111111111111,3.0444444444444443,5.955555555555556,27.0,10.2
2020-09-23 18:33:00,-1.2222222222222223,-13.488888888888889,-8.422222222222222,2.8222222222222224,-3.2,-3.6666666666666665,-8.11111111111111,-2.466666666666667,3.088888888888889,5.955555555555556,26.933333333333334,10.044444444444444
2020-09-23 18:34:00,-1.2666666666666666,-13.28888888888889,-8.311111111111112,2.911111111111111,-3.2444444444444445,-3.933333333333333,-7.977777777777778,-2.577777777777778,3.088888888888889,6.0,26.91111111111111,9.88888888888889
2020-09-23 18:35:00,-1.3333333333333333,-13.066666666666666,-8.244444444444444,3.022222222222222,-3.2666666666666666,-4.222222222222222,-7.8,-2.688888888888889,3.0444444444444443,6.0,26.91111111111111,9.755555555555556
2020-09-23 18:36:00,-1.4,-12.844444444444445,-8.177777777777777,3.111111111111111,-3.2444444444444445,-4.511111111111111,-7.644444444444445,-2.8,3.022222222222222,6.0,26.933333333333334,9.622222222222222
2020-09-23 18:37:00,-1.4666666666666666,-12.622222222222222,-8.11111111111111,3.2,-3.2222222222222223,-4.8,-7.466666666666667,-2.933333333333333,2.977777777777778,6.022222222222222,27.0,9.488888888888889
2020-09-23 18:38:00,-1.5777777777777777,-12.377777777777778,-8.044444444444444,3.2888888888888888,-3.1777777777777776,-5.111111111111111,-7.311111111111111,-3.066666666666667,2.933333333333333,6.066666666666666,27.044444444444444,9.4
2020-09-23 18:39:00,-1.6444444444444444,-12.155555555555555,-7.977777777777778,3.3333333333333335,-3.088888888888889,-5.4222222222222225,-7.133333333333334,-3.2,2.888888888888889,6.111111111111111,27.066666666666666,9.311111111111112
2020-09-23 18:40:00,-1.7333333333333334,-11.933333333333334,-7.911111111111111,3.422222222222222,-3.022222222222222,-5.711111111111111,-6.955555555555556,-3.3333333333333335,2.8222222222222224,6.177777777777778,27.066666666666666,9.222222222222221
2020-09-23 18:41:00,-1.8444444444444446,-11.755555555555556,-7.844444444444444,3.511111111111111,-2.9555555555555557,-5.977777777777778,-6.8,-3.466666666666667,2.7333333333333334,6.222222222222222,27.066666666666666,9.177777777777777
2020-09-23 18:42:00,-1.9111111111111112,-11.6,-7.7555555555555555,3.6222222222222222,-2.8666666666666667,-6.222222222222222,-6.644444444444445,-3.6,2.6666666666666665,6.311111111111111,27.066666666666666,9.133333333333333
2020-09-23 18:43:00,-1.9777777777777779,-11.4,-7.644444444444445,3.7111111111111112,-2.7777777777777777,-6.466666666666667,-6.488888888888889,-3.7111111111111112,2.6444444444444444,6.4,27.066666666666666,9.11111111111111
2020-09-23 18:44:00,-2.022222222222222,-11.244444444444444,-7.511111111111111,3.8,-2.688888888888889,-6.711111111111111,-6.355555555555555,-3.8222222222222224,2.6444444444444444,6.488888888888889,27.044444444444444,9.11111111111111
2020-09-23 18:45:00,-2.0444444444444443,-11.11111111111111,-7.355555555555555,3.911111111111111,-2.6222222222222222,-6.933333333333334,-6.2444444444444445,-3.9555555555555557,2.6444444444444444,6.5777777777777775,26.977777777777778,9.088888888888889
2020-09-23 18:46:00,-2.066666666666667,-10.955555555555556,-7.177777777777778,4.022222222222222,-2.577777777777778,-7.155555555555556,-6.111111111111111,-4.088888888888889,2.6444444444444444,6.666666666666667,26.88888888888889,9.066666666666666
2020-09-23 18:47:00,-2.066666666666667,-10.777777777777779,-6.977777777777778,4.133333333333334,-2.488888888888889,-7.333333333333333,-6.0,-4.177777777777778,2.6444444444444444,6.733333333333333,26.8,9.044444444444444
2020-09-23 18:48:00,-2.066666666666667,-10.644444444444444,-6.8,4.288888888888889,-2.422222222222222,-7.555555555555555,-5.911111111111111,-4.2444444444444445,2.6444444444444444,6.8,26.733333333333334,9.022222222222222
2020-09-23 18:49:00,-2.0444444444444443,-10.488888888888889,-6.622222222222222,4.444444444444445,-2.3555555555555556,-7.777777777777778,-5.822222222222222,-4.266666666666667,2.6444444444444444,6.888888888888889,26.68888888888889,9.022222222222222
2020-09-23 18:50:00,-2.022222222222222,-10.333333333333334,-6.466666666666667,4.5777777777777775,-2.3333333333333335,-8.0,-5.777777777777778,-4.288888888888889,2.6222222222222222,6.933333333333334,26.622222222222224,9.022222222222222
2020-09-23 18:51:00,-2.0,-10.2,-6.288888888888889,4.711111111111111,-2.311111111111111,-8.244444444444444,-5.733333333333333,-4.355555555555555,2.6222222222222222,6.977777777777778,26.555555555555557,9.044444444444444
2020-09-23 18:52:00,-1.9777777777777779,-10.11111111111111,-6.088888888888889,4.822222222222222,-2.3333333333333335,-8.466666666666667,-5.733333333333333,-4.466666666666667,2.6222222222222222,7.0,26.511111111111113,9.066666666666666
2020-09-23 18:53:00,-1.9111111111111112,-10.0,-5.888888888888889,4.933333333333334,-2.3777777777777778,-8.71111111111111,-5.733333333333333,-4.5777777777777775,2.6444444444444444,6.977777777777778,26.511111111111113,9.044444444444444
2020-09-23 18:54:00,-1.8888888888888888,-9.866666666666667,-5.733333333333333,5.022222222222222,-2.4444444444444446,-8.977777777777778,-5.688888888888889,-4.688888888888889,2.6666666666666665,6.977777777777778,26.555555555555557,9.022222222222222
2020-09-23 18:55:00,-1.8222222222222222,-9.733333333333333,-5.5777777777777775,5.111111111111111,-2.466666666666667,-9.2,-5.666666666666667,-4.7555555555555555,2.688888888888889,7.0,26.555555555555557,9.0
2020-09-23 18:56:00,-1.7333333333333334,-9.622222222222222,-5.466666666666667,5.177777777777778,-2.511111111111111,-9.422222222222222,-5.688888888888889,-4.822222222222222,2.7111111111111112,6.977777777777778,26.511111111111113,8.955555555555556
2020-09-23 18:57:00,-1.6,-9.511111111111111,-5.377777777777778,5.2,-2.511111111111111,-9.688888888888888,-5.688888888888889,-4.911111111111111,2.7333333333333334,6.911111111111111,26.444444444444443,8.933333333333334
2020-09-23 18:58:00,-1.4222222222222223,-9.4,-5.333333333333333,5.222222222222222,-2.5555555555555554,-9.911111111111111,-5.733333333333333,-5.0,2.8,6.844444444444444,26.4,8.88888888888889
2020-09-23 18:59:00,-1.2444444444444445,-9.311111111111112,-5.2444444444444445,5.222222222222222,-2.5555555555555554,-10.11111111111111,-5.7555555555555555,-5.088888888888889,2.888888888888889,6.7555555555555555,26.355555555555554,8.866666666666667
2020-09-23 19:00:00,-1.0888888888888888,-9.2,-5.2,5.222222222222222,-2.577777777777778,-10.266666666666667,-5.822222222222222,-5.155555555555556,2.977777777777778,6.666666666666667,26.266666666666666,8.844444444444445
2020-09-23 19:01:00,-0.9333333333333333,-9.11111111111111,-5.111111111111111,5.222222222222222,-2.6222222222222222,-10.422222222222222,-5.888888888888889,-5.222222222222222,3.0444444444444443,6.533333333333333,26.2,8.8
2020-09-23 19:02:00,-0.7777777777777778,-9.044444444444444,-5.0,5.2,-2.6666666666666665,-10.577777777777778,-5.977777777777778,-5.333333333333333,3.111111111111111,6.4222222222222225,26.11111111111111,8.8
2020-09-23 19:03:00,-0.6444444444444445,-8.977777777777778,-4.888888888888889,5.133333333333334,-2.7555555555555555,-10.755555555555556,-6.088888888888889,-5.444444444444445,3.1777777777777776,6.333333333333333,26.0,8.8
2020-09-23 19:04:00,-0.5333333333333333,-8.911111111111111,-4.8,5.066666666666666,-2.8,-10.933333333333334,-6.177777777777778,-5.5777777777777775,3.2444444444444445,6.2444444444444445,25.866666666666667,8.844444444444445
2020-09-23 19:05:00,-0.4222222222222222,-8.844444444444445,-4.733333333333333,5.044444444444444,-2.8444444444444446,-11.11111111111111,-6.266666666666667,-5.688888888888889,3.2888888888888888,6.155555555555556,25.755555555555556,8.88888888888889
2020-09-23 19:06:00,-0.3111111111111111,-8.822222222222223,-4.666666666666667,5.022222222222222,-2.8666666666666667,-11.244444444444444,-6.4,-5.822222222222222,3.3333333333333335,6.044444444444444,25.644444444444446,8.88888888888889
2020-09-23 19:07:00,-0.2222222222222222,-8.822222222222223,-4.622222222222222,4.955555555555556,-2.911111111111111,-11.333333333333334,-6.533333333333333,-5.977777777777778,3.4,5.888888888888889,25.533333333333335,8.88888888888889
2020-09-23 19:08:00,-0.1111111111111111,-8.777777777777779,-4.533333333333333,4.866666666666666,-2.9555555555555557,-11.422222222222222,-6.666666666666667,-6.177777777777778,3.466666666666667,5.7555555555555555,25.4,8.933333333333334
2020-09-23 19:09:00,0.0,-8.755555555555556,-4.4222222222222225,4.8,-2.9555555555555557,-11.488888888888889,-6.8,-6.4,3.488888888888889,5.622222222222222,25.31111111111111,8.977777777777778
2020-09-23 19:10:00,0.06666666666666667,-8.71111111111111,-4.311111111111111,4.7555555555555555,-2.933333333333333,-11.511111111111111,-6.933333333333334,-6.622222222222222,3.511111111111111,5.511111111111111,25.266666666666666,9.022222222222222
2020-09-23 19:11:00,0.13333333333333333,-8.688888888888888,-4.2,4.711111111111111,-2.911111111111111,-11.555555555555555,-7.066666666666666,-6.8,3.533333333333333,5.4222222222222225,25.244444444444444,9.088888888888889
2020-09-23 19:12:00,0.15555555555555556,-8.666666666666666,-4.111111111111111,4.666666666666667,-2.888888888888889,-11.622222222222222,-7.155555555555556,-7.0,3.5555555555555554,5.311111111111111,25.266666666666666,9.177777777777777
2020-09-23 19:13:00,0.15555555555555556,-8.644444444444444,-4.022222222222222,4.666666666666667,-2.8444444444444446,-11.644444444444444,-7.266666666666667,-7.177777777777778,3.5555555555555554,5.177777777777778,25.288888888888888,9.222222222222221
2020-09-23 19:14:00,0.13333333333333333,-8.6,-3.977777777777778,4.644444444444445,-2.8,-11.71111111111111,-7.4,-7.355555555555555,3.5555555555555554,5.066666666666666,25.31111111111111,9.28888888888889
2020-09-23 19:15:00,0.1111111111111111,-8.555555555555555,-3.933333333333333,4.622222222222222,-2.7777777777777777,-11.822222222222223,-7.5777777777777775,-7.488888888888889,3.5555555555555554,4.977777777777778,25.355555555555554,9.355555555555556
2020-09-23 19:16:00,0.13333333333333333,-8.533333333333333,-3.8444444444444446,4.5777777777777775,-2.7555555555555555,-11.933333333333334,-7.711111111111111,-7.6,3.533333333333333,4.911111111111111,25.377777777777776,9.444444444444445
2020-09-23 19:17:00,0.17777777777777778,-8.511111111111111,-3.7777777777777777,4.555555555555555,-2.7333333333333334,-12.044444444444444,-7.888888888888889,-7.711111111111111,3.466666666666667,4.866666666666666,25.377777777777776,9.555555555555555
2020-09-23 19:18:00,0.17777777777777778,-8.488888888888889,-3.7333333333333334,4.533333333333333,-2.7111111111111112,-12.177777777777777,-8.11111111111111,-7.844444444444444,3.4444444444444446,4.822222222222222,25.377777777777776,9.666666666666666
2020-09-23 19:19:00,0.17777777777777778,-8.444444444444445,-3.6666666666666665,4.488888888888889,-2.688888888888889,-12.28888888888889,-8.333333333333334,-7.977777777777778,3.422222222222222,4.733333333333333,25.355555555555554,9.777777777777779
2020-09-23 19:20:00,0.17777777777777778,-8.422222222222222,-3.6,4.444444444444445,-2.6666666666666665,-12.377777777777778,-8.577777777777778,-8.11111111111111,3.4444444444444446,4.644444444444445,25.31111111111111,9.866666666666667
2020-09-23 19:21:00,0.15555555555555556,-8.444444444444445,-3.533333333333333,4.4,-2.6444444444444444,-12.466666666666667,-8.777777777777779,-8.222222222222221,3.4444444444444446,4.555555555555555,25.244444444444444,9.933333333333334
2020-09-23 19:22:00,0.13333333333333333,-8.488888888888889,-3.488888888888889,4.355555555555555,-2.6444444444444444,-12.577777777777778,-8.977777777777778,-8.28888888888889,3.422222222222222,4.488888888888889,25.155555555555555,9.977777777777778
2020-09-23 19:23:00,0.1111111111111111,-8.511111111111111,-3.422222222222222,4.288888888888889,-2.6222222222222222,-12.688888888888888,-9.177777777777777,-8.311111111111112,3.4,4.377777777777778,25.066666666666666,9.977777777777778
2020-09-23 19:24:00,0.044444444444444446,-8.533333333333333,-3.4,4.222222222222222,-2.6444444444444444,-12.8,-9.422222222222222,-8.333333333333334,3.4,4.266666666666667,25.022222222222222,9.955555555555556
2020-09-23 19:25:00,-0.044444444444444446,-8.6,-3.3555555555555556,4.155555555555556,-2.6444444444444444,-12.88888888888889,-9.644444444444444,-8.311111111111112,3.4,4.133333333333334,25.0,9.933333333333334
2020-09-23 19:26:00,-0.08888888888888889,-8.644444444444444,-3.3555555555555556,4.044444444444444,-2.6444444444444444,-12.977777777777778,-9.866666666666667,-8.311111111111112,3.4,4.0,24.933333333333334,9.866666666666667
2020-09-23 19:27:00,-0.17777777777777778,-8.644444444444444,-3.3777777777777778,3.9555555555555557,-2.6222222222222222,-13.088888888888889,-10.088888888888889,-8.311111111111112,3.3777777777777778,3.8666666666666667,24.88888888888889,9.8
2020-09-23 19:28:00,-0.28888888888888886,-8.644444444444444,-3.4,3.8444444444444446,-2.6222222222222222,-13.2,-10.333333333333334,-8.333333333333334,3.3555555555555556,3.7111111111111112,24.8,9.755555555555556
2020-09-23 19:29:00,-0.4444444444444444,-8.622222222222222,-3.422222222222222,3.7111111111111112,-2.6222222222222222,-13.266666666666667,-10.577777777777778,-8.333333333333334,3.2888888888888888,3.577777777777778,24.711111111111112,9.688888888888888
2020-09-23 19:30:00,-0.6444444444444445,-8.622222222222222,-3.4444444444444446,3.6,-2.6444444444444444,-13.333333333333334,-10.822222222222223,-8.333333333333334,3.2444444444444445,3.466666666666667,24.644444444444446,9.644444444444444
2020-09-23 19:31:00,-0.8222222222222222,-8.6,-3.4444444444444446,3.466666666666667,-2.6444444444444444,-13.422222222222222,-11.088888888888889,-8.377777777777778,3.2222222222222223,3.3555555555555556,24.57777777777778,9.644444444444444
2020-09-23 19:32:00,-1.0222222222222221,-8.6,-3.422222222222222,3.2888888888888888,-2.6666666666666665,-13.555555555555555,-11.311111111111112,-8.466666666666667,3.1555555555555554,3.2666666666666666,24.511111111111113,9.666666666666666
2020-09-23 19:33:00,-1.2,-8.577777777777778,-3.4,3.066666666666667,-2.688888888888889,-13.644444444444444,-11.555555555555555,-8.6,3.1333333333333333,3.1777777777777776,24.42222222222222,9.666666666666666
2020-09-23 19:34:00,-1.4,-8.555555555555555,-3.3555555555555556,2.8666666666666667,-2.7111111111111112,-13.733333333333333,-11.8,-8.733333333333333,3.111111111111111,3.088888888888889,24.355555555555554,9.666666666666666
2020-09-23 19:35:00,-1.5777777777777777,-8.533333333333333,-3.311111111111111,2.6666666666666665,-2.7333333333333334,-13.8,-12.0,-8.866666666666667,3.111111111111111,3.0,24.288888888888888,9.622222222222222
2020-09-23 19:36:00,-1.7555555555555555,-8.488888888888889,-3.2666666666666666,2.488888888888889,-2.7777777777777777,-13.866666666666667,-12.2,-8.977777777777778,3.066666666666667,2.933333333333333,24.22222222222222,9.555555555555555
2020-09-23 19:37:00,-1.8888888888888888,-8.4,-3.2222222222222223,2.3333333333333335,-2.8,-13.911111111111111,-12.4,-9.088888888888889,3.0444444444444443,2.911111111111111,24.133333333333333,9.511111111111111
2020-09-23 19:38:00,-2.022222222222222,-8.311111111111112,-3.2,2.2,-2.8,-13.911111111111111,-12.622222222222222,-9.222222222222221,3.022222222222222,2.911111111111111,24.044444444444444,9.488888888888889
2020-09-23 19:39:00,-2.111111111111111,-8.266666666666667,-3.1555555555555554,2.088888888888889,-2.7555555555555555,-13.911111111111111,-12.88888888888889,-9.355555555555556,3.0,2.933333333333333,23.933333333333334,9.422222222222222
2020-09-23 19:40:00,-2.2222222222222223,-8.244444444444444,-3.1555555555555554,1.9333333333333333,-2.7333333333333334,-13.933333333333334,-13.133333333333333,-9.533333333333333,2.9555555555555557,2.9555555555555557,23.866666666666667,9.4
2020-09-23 19:41:00,-2.3555555555555556,-8.222222222222221,-3.111111111111111,1.7777777777777777,-2.7111111111111112,-13.977777777777778,-13.355555555555556,-9.688888888888888,2.8666666666666667,3.022222222222222,23.822222222222223,9.4
2020-09-23 19:42:00,-2.511111111111111,-8.222222222222221,-3.0444444444444443,1.6444444444444444,-2.688888888888889,-14.022222222222222,-13.6,-9.866666666666667,2.7777777777777777,3.111111111111111,23.822222222222223,9.4
2020-09-23 19:43:00,-2.688888888888889,-8.222222222222221,-2.977777777777778,1.488888888888889,-2.6444444444444444,-14.11111111111111,-13.8,-10.022222222222222,2.688888888888889,3.1555555555555554,23.77777777777778,9.377777777777778
2020-09-23 19:44:00,-2.8444444444444446,-8.177777777777777,-2.933333333333333,1.3555555555555556,-2.6222222222222222,-14.244444444444444,-14.0,-10.177777777777777,2.5555555555555554,3.2444444444444445,23.755555555555556,9.311111111111112
2020-09-23 19:45:00,-3.0,-8.133333333333333,-2.8666666666666667,1.2444444444444445,-2.6,-14.377777777777778,-14.2,-10.355555555555556,2.4444444444444446,3.2888888888888888,23.77777777777778,9.2
2020-09-23 19:46:00,-3.2,-8.088888888888889,-2.8222222222222224,1.1333333333333333,-2.533333333333333,-14.466666666666667,-14.377777777777778,-10.533333333333333,2.3555555555555556,3.3333333333333335,23.77777777777778,9.088888888888889
2020-09-23 19:47:00,-3.3777777777777778,-8.044444444444444,-2.8222222222222224,1.0444444444444445,-2.422222222222222,-14.511111111111111,-14.533333333333333,-10.688888888888888,2.2888888888888888,3.3333333333333335,23.77777777777778,8.955555555555556
2020-09-23 19:48:00,-3.577777777777778,-8.022222222222222,-2.8444444444444446,1.0,-2.2888888888888888,-14.577777777777778,-14.688888888888888,-10.844444444444445,2.2222222222222223,3.3333333333333335,23.755555555555556,8.822222222222223
2020-09-23 19:49:00,-3.7777777777777777,-8.0,-2.8444444444444446,0.9777777777777777,-2.2,-14.688888888888888,-14.844444444444445,-10.955555555555556,2.1555555555555554,3.3333333333333335,23.755555555555556,8.666666666666666
2020-09-23 19:50:00,-3.977777777777778,-8.022222222222222,-2.8,0.9333333333333333,-2.1333333333333333,-14.777777777777779,-15.022222222222222,-11.088888888888889,2.088888888888889,3.2888888888888888,23.733333333333334,8.511111111111111
2020-09-23 19:51:00,-4.155555555555556,-8.022222222222222,-2.7555555555555555,0.8888888888888888,-2.0444444444444443,-14.88888888888889,-15.155555555555555,-11.2,2.022222222222222,3.2444444444444445,23.68888888888889,8.4
2020-09-23 19:52:00,-4.311111111111111,-8.022222222222222,-2.688888888888889,0.8666666666666667,-1.9333333333333333,-15.022222222222222,-15.244444444444444,-11.266666666666667,1.9777777777777779,3.2,23.68888888888889,8.28888888888889
2020-09-23 19:53:00,-4.488888888888889,-8.066666666666666,-2.6666666666666665,0.8666666666666667,-1.8222222222222222,-15.133333333333333,-15.355555555555556,-11.311111111111112,1.9555555555555555,3.1333333333333333,23.711111111111112,8.133333333333333
2020-09-23 19:54:00,-4.666666666666667,-8.088888888888889,-2.6666666666666665,0.8222222222222222,-1.711111111111111,-15.266666666666667,-15.466666666666667,-11.333333333333334,1.9777777777777779,3.088888888888889,23.711111111111112,7.955555555555556
2020-09-23 19:55:00,-4.8,-8.088888888888889,-2.6444444444444444,0.7333333333333333,-1.5777777777777777,-15.422222222222222,-15.555555555555555,-11.355555555555556,2.0,3.0444444444444443,23.666666666666668,7.777777777777778
2020-09-23 19:56:00,-4.955555555555556,-8.088888888888889,-2.6444444444444444,0.6666666666666666,-1.4444444444444444,-15.533333333333333,-15.666666666666666,-11.4,2.0444444444444443,2.9555555555555557,23.57777777777778,7.622222222222222
2020-09-23 19:57:00,-5.066666666666666,-8.088888888888889,-2.6222222222222222,0.6222222222222222,-1.3111111111111111,-15.644444444444444,-15.822222222222223,-11.444444444444445,2.066666666666667,2.888888888888889,23.488888888888887,7.444444444444445
2020-09-23 19:58:00,-5.177777777777778,-8.133333333333333,-2.6222222222222222,0.5333333333333333,-1.1777777777777778,-15.755555555555556,-15.955555555555556,-11.466666666666667,2.111111111111111,2.8444444444444446,23.4,7.311111111111111
2020-09-23 19:59:00,-5.266666666666667,-8.177777777777777,-2.577777777777778,0.4444444444444444,-1.0444444444444445,-15.844444444444445,-16.044444444444444,-11.444444444444445,2.1555555555555554,2.7555555555555555,23.31111111111111,7.155555555555556
2020-09-23 20:00:00,-5.333333333333333,-8.244444444444444,-2.511111111111111,0.35555555555555557,-0.9111111111111111,-15.933333333333334,-16.11111111111111,-11.466666666666667,2.1777777777777776,2.6222222222222222,23.177777777777777,6.955555555555556
2020-09-23 20:01:00,-5.444444444444445,-8.28888888888889,-2.4444444444444446,0.3111111111111111,-0.7555555555555555,-15.977777777777778,-16.177777777777777,-11.466666666666667,2.2444444444444445,2.488888888888889,23.044444444444444,6.733333333333333
2020-09-23 20:02:00,-5.533333333333333,-8.311111111111112,-2.3777777777777778,0.26666666666666666,-0.5777777777777777,-16.0,-16.244444444444444,-11.488888888888889,2.311111111111111,2.3555555555555556,22.91111111111111,6.533333333333333
2020-09-23 20:03:00,-5.622222222222222,-8.377777777777778,-2.3333333333333335,0.2222222222222222,-0.37777777777777777,-15.977777777777778,-16.266666666666666,-11.511111111111111,2.3555555555555556,2.2444444444444445,22.77777777777778,6.355555555555555
2020-09-23 20:04:00,-5.688888888888889,-8.466666666666667,-2.311111111111111,0.2222222222222222,-0.2,-15.933333333333334,-16.266666666666666,-11.533333333333333,2.4,2.1555555555555554,22.622222222222224,6.155555555555556
2020-09-23 20:05:00,-5.7555555555555555,-8.555555555555555,-2.2666666666666666,0.2,-0.022222222222222223,-15.911111111111111,-16.288888888888888,-11.533333333333333,2.4444444444444446,2.088888888888889,22.488888888888887,6.0
2020-09-23 20:06:00,-5.777777777777778,-8.6,-2.2444444444444445,0.17777777777777778,0.1111111111111111,-15.88888888888889,-16.355555555555554,-11.555555555555555,2.511111111111111,2.022222222222222,22.377777777777776,5.888888888888889
2020-09-23 20:07:00,-5.8,-8.622222222222222,-2.2222222222222223,0.13333333333333333,0.26666666666666666,-15.866666666666667,-16.4,-11.622222222222222,2.6222222222222222,1.9333333333333333,22.244444444444444,5.8
2020-09-23 20:08:00,-5.777777777777778,-8.666666666666666,-2.1777777777777776,0.13333333333333333,0.37777777777777777,-15.822222222222223,-16.466666666666665,-11.688888888888888,2.7333333333333334,1.8888888888888888,22.133333333333333,5.733333333333333
2020-09-23 20:09:00,-5.711111111111111,-8.733333333333333,-2.088888888888889,0.15555555555555556,0.5333333333333333,-15.755555555555556,-16.533333333333335,-11.777777777777779,2.8222222222222224,1.8666666666666667,22.022222222222222,5.688888888888889
2020-09-23 20:10:00,-5.6,-8.777777777777779,-2.0444444444444443,0.13333333333333333,0.6666666666666666,-15.71111111111111,-16.57777777777778,-11.88888888888889,2.911111111111111,1.8666666666666667,21.933333333333334,5.688888888888889
2020-09-23 20:11:00,-5.511111111111111,-8.844444444444445,-2.0,0.1111111111111111,0.8,-15.644444444444444,-16.644444444444446,-11.977777777777778,3.0,1.9111111111111112,21.88888888888889,5.733333333333333
2020-09-23 20:12:00,-5.4,-8.911111111111111,-1.9555555555555555,0.08888888888888889,0.8888888888888888,-15.555555555555555,-16.711111111111112,-12.088888888888889,3.066666666666667,1.9333333333333333,21.844444444444445,5.777777777777778
2020-09-23 20:13:00,-5.288888888888889,-9.0,-1.8888888888888888,0.06666666666666667,0.9555555555555556,-15.422222222222222,-16.77777777777778,-12.177777777777777,3.088888888888889,1.9555555555555555,21.844444444444445,5.8
2020-09-23 20:14:00,-5.177777777777778,-9.066666666666666,-1.8222222222222222,0.044444444444444446,1.0222222222222221,-15.28888888888889,-16.844444444444445,-12.266666666666667,3.1555555555555554,1.9777777777777779,21.866666666666667,5.822222222222222
2020-09-23 20:15:00,-5.022222222222222,-9.133333333333333,-1.7777777777777777,-0.022222222222222223,1.1333333333333333,-15.2,-16.91111111111111,-12.333333333333334,3.1777777777777776,1.9555555555555555,21.866666666666667,5.866666666666666
2020-09-23 20:16:00,-4.844444444444444,-9.222222222222221,-1.7333333333333334,-0.08888888888888889,1.2222222222222223,-15.066666666666666,-16.955555555555556,-12.377777777777778,3.1555555555555554,1.9111111111111112,21.866666666666667,5.866666666666666
2020-09-23 20:17:00,-4.666666666666667,-9.28888888888889,-1.7333333333333334,-0.15555555555555556,1.3333333333333333,-14.933333333333334,-17.022222222222222,-12.422222222222222,3.1555555555555554,1.8666666666666667,21.866666666666667,5.866666666666666
2020-09-23 20:18:00,-4.466666666666667,-9.355555555555556,-1.7333333333333334,-0.2222222222222222,1.488888888888889,-14.8,-17.044444444444444,-12.422222222222222,3.1555555555555554,1.8222222222222222,21.91111111111111,5.911111111111111
2020-09-23 20:19:00,-4.2444444444444445,-9.444444444444445,-1.711111111111111,-0.28888888888888886,1.6666666666666667,-14.688888888888888,-17.066666666666666,-12.466666666666667,3.1333333333333333,1.7555555555555555,21.955555555555556,5.955555555555556
2020-09-23 20:20:00,-4.044444444444444,-9.555555555555555,-1.6666666666666667,-0.35555555555555557,1.8888888888888888,-14.555555555555555,-17.11111111111111,-12.533333333333333,3.1333333333333333,1.711111111111111,21.977777777777778,6.044444444444444
2020-09-23 20:21:00,-3.8666666666666667,-9.666666666666666,-1.6444444444444444,-0.4222222222222222,2.088888888888889,-14.444444444444445,-17.11111111111111,-12.6,3.1555555555555554,1.6888888888888889,21.977777777777778,6.177777777777778
2020-09-23 20:22:00,-3.7333333333333334,-9.822222222222223,-1.6222222222222222,-0.4888888888888889,2.2888888888888888,-14.333333333333334,-17.066666666666666,-12.622222222222222,3.1777777777777776,1.6222222222222222,22.022222222222222,6.288888888888889
2020-09-23 20:23:00,-3.6222222222222222,-9.955555555555556,-1.6,-0.5333333333333333,2.466666666666667,-14.244444444444444,-17.044444444444444,-12.622222222222222,3.2,1.5777777777777777,22.044444444444444,6.4
2020-09-23 20:24:00,-3.511111111111111,-10.044444444444444,-1.6,-0.5555555555555556,2.6444444444444444,-14.155555555555555,-16.977777777777778,-12.622222222222222,3.2,1.488888888888889,22.08888888888889,6.511111111111111
2020-09-23 20:25:00,-3.422222222222222,-10.11111111111111,-1.5777777777777777,-0.5333333333333333,2.8222222222222224,-14.088888888888889,-16.955555555555556,-12.622222222222222,3.2444444444444445,1.3777777777777778,22.11111111111111,6.6
2020-09-23 20:26:00,-3.2888888888888888,-10.177777777777777,-1.5777777777777777,-0.5111111111111111,3.0,-13.977777777777778,-16.91111111111111,-12.644444444444444,3.3333333333333335,1.2222222222222223,22.155555555555555,6.688888888888889
2020-09-23 20:27:00,-3.1777777777777776,-10.2,-1.5555555555555556,-0.5111111111111111,3.1555555555555554,-13.866666666666667,-16.844444444444445,-12.622222222222222,3.4444444444444446,1.0888888888888888,22.2,6.777777777777778
2020-09-23 20:28:00,-3.088888888888889,-10.244444444444444,-1.5333333333333334,-0.5333333333333333,3.3333333333333335,-13.71111111111111,-16.8,-12.577777777777778,3.533333333333333,1.0,22.288888888888888,6.911111111111111
2020-09-23 20:29:00,-3.0444444444444443,-10.311111111111112,-1.488888888888889,-0.5333333333333333,3.511111111111111,-13.511111111111111,-16.8,-12.511111111111111,3.6444444444444444,0.8666666666666667,22.377777777777776,7.044444444444444
2020-09-23 20:30:00,-2.977777777777778,-10.355555555555556,-1.4444444444444444,-0.5777777777777777,3.7333333333333334,-13.333333333333334,-16.77777777777778,-12.466666666666667,3.7111111111111112,0.7333333333333333,22.42222222222222,7.222222222222222
2020-09-23 20:31:00,-2.911111111111111,-10.377777777777778,-1.4222222222222223,-0.6,3.933333333333333,-13.155555555555555,-16.755555555555556,-12.422222222222222,3.7333333333333334,0.6222222222222222,22.444444444444443,7.4222222222222225
2020-09-23 20:32:00,-2.8444444444444446,-10.355555555555556,-1.3777777777777778,-0.6222222222222222,4.133333333333334,-12.977777777777778,-16.711111111111112,-12.377777777777778,3.7777777777777777,0.5111111111111111,22.511111111111113,7.644444444444445
2020-09-23 20:33:00,-2.7777777777777777,-10.333333333333334,-1.3333333333333333,-0.6444444444444445,4.333333333333333,-12.755555555555556,-16.644444444444446,-12.333333333333334,3.8666666666666667,0.37777777777777777,22.57777777777778,7.866666666666666
2020-09-23 20:34:00,-2.7333333333333334,-10.311111111111112,-1.3111111111111111,-0.6444444444444445,4.5777777777777775,-12.511111111111111,-16.6,-12.28888888888889,3.911111111111111,0.2222222222222222,22.6,8.088888888888889
2020-09-23 20:35:00,-2.7111111111111112,-10.244444444444444,-1.288888888888889,-0.6444444444444445,4.822222222222222,-12.311111111111112,-16.533333333333335,-12.222222222222221,3.9555555555555557,0.06666666666666667,22.622222222222224,8.333333333333334
2020-09-23 20:36:00,-2.7333333333333334,-10.177777777777777,-1.2666666666666666,-0.6666666666666666,5.066666666666666,-12.133333333333333,-16.466666666666665,-12.2,4.0,-0.06666666666666667,22.666666666666668,8.533333333333333
2020-09-23 20:37:00,-2.7333333333333334,-10.088888888888889,-1.2666666666666666,-0.6888888888888889,5.288888888888889,-11.955555555555556,-16.4,-12.2,4.0,-0.15555555555555556,22.68888888888889,8.688888888888888
2020-09-23 20:38:00,-2.7111111111111112,-10.0,-1.2444444444444445,-0.6888888888888889,5.488888888888889,-11.8,-16.333333333333332,-12.177777777777777,4.0,-0.24444444444444444,22.666666666666668,8.866666666666667
2020-09-23 20:39:00,-2.6666666666666665,-9.911111111111111,-1.1777777777777778,-0.6444444444444445,5.644444444444445,-11.6,-16.266666666666666,-12.177777777777777,3.9555555555555557,-0.3333333333333333,22.644444444444446,9.044444444444444
2020-09-23 20:40:00,-2.6666666666666665,-9.822222222222223,-1.0888888888888888,-0.5555555555555556,5.8,-11.422222222222222,-16.177777777777777,-12.177777777777777,3.911111111111111,-0.4666666666666667,22.644444444444446,9.177777777777777
2020-09-23 20:41:00,-2.6666666666666665,-9.71111111111111,-1.0,-0.4444444444444444,5.955555555555556,-11.244444444444444,-16.08888888888889,-12.177777777777777,3.8222222222222224,-0.5777777777777777,22.644444444444446,9.266666666666667
2020-09-23 20:42:00,-2.7111111111111112,-9.555555555555555,-0.9555555555555556,-0.35555555555555557,6.133333333333334,-11.066666666666666,-16.0,-12.133333333333333,3.7111111111111112,-0.6888888888888889,22.6,9.355555555555556
2020-09-23 20:43:00,-2.7555555555555555,-9.377777777777778,-0.9333333333333333,-0.26666666666666666,6.311111111111111,-10.911111111111111,-15.911111111111111,-12.088888888888889,3.5555555555555554,-0.7777777777777778,22.555555555555557,9.4
2020-09-23 20:44:00,-2.7777777777777777,-9.177777777777777,-0.9111111111111111,-0.15555555555555556,6.511111111111111,-10.755555555555556,-15.844444444444445,-12.066666666666666,3.422222222222222,-0.8666666666666667,22.533333333333335,9.444444444444445
2020-09-23 20:45:00,-2.8222222222222224,-8.955555555555556,-0.9333333333333333,-0.06666666666666667,6.733333333333333,-10.577777777777778,-15.8,-12.022222222222222,3.2666666666666666,-0.9111111111111111,22.533333333333335,9.533333333333333
2020-09-23 20:46:00,-2.8222222222222224,-8.777777777777779,-0.9777777777777777,-0.022222222222222223,6.933333333333334,-10.4,-15.777777777777779,-12.0,3.111111111111111,-0.9555555555555556,22.555555555555557,9.622222222222222
2020-09-23 20:47:00,-2.8222222222222224,-8.6,-1.0444444444444445,0.022222222222222223,7.155555555555556,-10.244444444444444,-15.71111111111111,-11.933333333333334,2.9555555555555557,-1.0222222222222221,22.622222222222224,9.71111111111111
2020-09-23 20:48:00,-2.7777777777777777,-8.4,-1.1111111111111112,0.06666666666666667,7.355555555555555,-10.11111111111111,-15.666666666666666,-11.844444444444445,2.7777777777777777,-1.0888888888888888,22.666666666666668,9.755555555555556
2020-09-23 20:49:00,-2.7555555555555555,-8.222222222222221,-1.2,0.1111111111111111,7.555555555555555,-10.022222222222222,-15.644444444444444,-11.755555555555556,2.6444444444444444,-1.1555555555555554,22.711111111111112,9.844444444444445
2020-09-23 20:50:00,-2.7333333333333334,-8.022222222222222,-1.3111111111111111,0.15555555555555556,7.7555555555555555,-9.911111111111111,-15.6,-11.688888888888888,2.466666666666667,-1.2,22.733333333333334,9.911111111111111
2020-09-23 20:51:00,-2.7555555555555555,-7.822222222222222,-1.4,0.24444444444444444,8.0,-9.8,-15.555555555555555,-11.577777777777778,2.311111111111111,-1.2222222222222223,22.733333333333334,9.977777777777778
2020-09-23 20:52:00,-2.8,-7.666666666666667,-1.4666666666666666,0.3333333333333333,8.244444444444444,-9.688888888888888,-15.555555555555555,-11.422222222222222,2.1555555555555554,-1.2666666666666666,22.733333333333334,10.044444444444444
2020-09-23 20:53:00,-2.8444444444444446,-7.533333333333333,-1.5555555555555556,0.37777777777777777,8.511111111111111,-9.6,-15.555555555555555,-11.311111111111112,2.022222222222222,-1.3555555555555556,22.755555555555556,10.088888888888889
2020-09-23 20:54:00,-2.888888888888889,-7.355555555555555,-1.6444444444444444,0.4222222222222222,8.755555555555556,-9.533333333333333,-15.555555555555555,-11.177777777777777,1.8888888888888888,-1.488888888888889,22.733333333333334,10.133333333333333
2020-09-23 20:55:00,-2.933333333333333,-7.2,-1.711111111111111,0.4888888888888889,8.977777777777778,-9.444444444444445,-15.577777777777778,-11.066666666666666,1.8,-1.6444444444444444,22.666666666666668,10.133333333333333
2020-09-23 20:56:00,-3.0,-7.0,-1.7555555555555555,0.5777777777777777,9.177777777777777,-9.355555555555556,-15.577777777777778,-10.977777777777778,1.711111111111111,-1.8222222222222222,22.555555555555557,10.133333333333333
2020-09-23 20:57:00,-3.088888888888889,-6.822222222222222,-1.7555555555555555,0.6222222222222222,9.377777777777778,-9.311111111111112,-15.6,-10.88888888888889,1.6222222222222222,-2.0,22.444444444444443,10.088888888888889
2020-09-23 20:58:00,-3.1333333333333333,-6.666666666666667,-1.7555555555555555,0.6888888888888889,9.577777777777778,-9.28888888888889,-15.6,-10.822222222222223,1.5333333333333334,-2.1777777777777776,22.333333333333332,10.066666666666666
2020-09-23 20:59:00,-3.1333333333333333,-6.555555555555555,-1.7555555555555555,0.7555555555555555,9.733333333333333,-9.266666666666667,-15.6,-10.8,1.4444444444444444,-2.3777777777777778,22.244444444444444,10.066666666666666
2020-09-23 21:00:00,-3.1333333333333333,-6.4,-1.7777777777777777,0.8444444444444444,9.88888888888889,-9.222222222222221,-15.555555555555555,-10.777777777777779,1.4,-2.533333333333333,22.177777777777777,10.044444444444444
2020-09-23 21:01:00,-3.1555555555555554,-6.222222222222222,-1.8,0.9333333333333333,10.044444444444444,-9.177777777777777,-15.555555555555555,-10.733333333333333,1.3555555555555556,-2.6666666666666665,22.11111111111111,10.022222222222222
2020-09-23 21:02:00,-3.1555555555555554,-6.088888888888889,-1.7777777777777777,1.0222222222222221,10.177777777777777,-9.11111111111111,-15.555555555555555,-10.644444444444444,1.288888888888889,-2.8222222222222224,22.0,10.0
2020-09-23 21:03:00,-3.1555555555555554,-5.955555555555556,-1.7777777777777777,1.1555555555555554,10.28888888888889,-9.066666666666666,-15.577777777777778,-10.577777777777778,1.2222222222222223,-2.977777777777778,21.844444444444445,9.955555555555556
2020-09-23 21:04:00,-3.1555555555555554,-5.8,-1.7777777777777777,1.2666666666666666,10.4,-9.022222222222222,-15.6,-10.488888888888889,1.1555555555555554,-3.1333333333333333,21.666666666666668,9.911111111111111
2020-09-23 21:05:00,-3.1555555555555554,-5.622222222222222,-1.7777777777777777,1.4,10.466666666666667,-8.977777777777778,-15.644444444444444,-10.377777777777778,1.0666666666666667,-3.311111111111111,21.511111111111113,9.844444444444445
2020-09-23 21:06:00,-3.1333333333333333,-5.444444444444445,-1.7333333333333334,1.511111111111111,10.555555555555555,-8.933333333333334,-15.688888888888888,-10.28888888888889,0.9555555555555556,-3.511111111111111,21.377777777777776,9.755555555555556
2020-09-23 21:07:00,-3.088888888888889,-5.266666666666667,-1.6888888888888889,1.6222222222222222,10.644444444444444,-8.933333333333334,-15.733333333333333,-10.222222222222221,0.8222222222222222,-3.6666666666666665,21.22222222222222,9.688888888888888
2020-09-23 21:08:00,-3.066666666666667,-5.111111111111111,-1.6,1.711111111111111,10.777777777777779,-8.933333333333334,-15.733333333333333,-10.133333333333333,0.6444444444444445,-3.8222222222222224,21.066666666666666,9.6
2020-09-23 21:09:00,-3.088888888888889,-4.955555555555556,-1.511111111111111,1.7555555555555555,10.911111111111111,-8.955555555555556,-15.755555555555556,-10.044444444444444,0.4666666666666667,-3.977777777777778,20.88888888888889,9.511111111111111
2020-09-23 21:10:00,-3.088888888888889,-4.8,-1.4444444444444444,1.8,11.022222222222222,-8.933333333333334,-15.777777777777779,-9.933333333333334,0.24444444444444444,-4.111111111111111,20.711111111111112,9.422222222222222
2020-09-23 21:11:00,-3.088888888888889,-4.622222222222222,-1.4,1.8444444444444446,11.155555555555555,-8.955555555555556,-15.844444444444445,-9.8,0.022222222222222223,-4.222222222222222,20.488888888888887,9.28888888888889
2020-09-23 21:12:00,-3.088888888888889,-4.466666666666667,-1.4,1.8888888888888888,11.28888888888889,-8.977777777777778,-15.911111111111111,-9.71111111111111,-0.24444444444444444,-4.355555555555555,20.22222222222222,9.155555555555555
2020-09-23 21:13:00,-3.0444444444444443,-4.288888888888889,-1.4,1.9555555555555555,11.422222222222222,-9.0,-16.0,-9.644444444444444,-0.5333333333333333,-4.533333333333333,19.91111111111111,9.022222222222222
2020-09-23 21:14:00,-3.0,-4.133333333333334,-1.4444444444444444,1.9777777777777779,11.577777777777778,-9.066666666666666,-16.08888888888889,-9.555555555555555,-0.8,-4.711111111111111,19.555555555555557,8.933333333333334
2020-09-23 21:15:00,-2.977777777777778,-3.977777777777778,-1.4666666666666666,2.0,11.688888888888888,-9.11111111111111,-16.2,-9.422222222222222,-1.0222222222222221,-4.844444444444444,19.22222222222222,8.844444444444445
2020-09-23 21:16:00,-2.911111111111111,-3.8666666666666667,-1.488888888888889,2.0,11.8,-9.155555555555555,-16.333333333333332,-9.244444444444444,-1.2,-4.977777777777778,18.933333333333334,8.733333333333333
2020-09-23 21:17:00,-2.8666666666666667,-3.7555555555555555,-1.488888888888889,1.9777777777777779,11.911111111111111,-9.2,-16.488888888888887,-9.066666666666666,-1.4,-5.111111111111111,18.622222222222224,8.577777777777778
2020-09-23 21:18:00,-2.8,-3.6444444444444444,-1.488888888888889,1.9555555555555555,12.0,-9.28888888888889,-16.622222222222224,-8.88888888888889,-1.6444444444444444,-5.222222222222222,18.31111111111111,8.422222222222222
2020-09-23 21:19:00,-2.7333333333333334,-3.5555555555555554,-1.511111111111111,1.9333333333333333,12.066666666666666,-9.4,-16.733333333333334,-8.733333333333333,-1.8888888888888888,-5.333333333333333,18.0,8.28888888888889
2020-09-23 21:20:00,-2.6444444444444444,-3.488888888888889,-1.5555555555555556,1.8888888888888888,12.133333333333333,-9.466666666666667,-16.866666666666667,-8.555555555555555,-2.1555555555555554,-5.4,17.68888888888889,8.155555555555555
2020-09-23 21:21:00,-2.5555555555555554,-3.4444444444444446,-1.5555555555555556,1.8888888888888888,12.155555555555555,-9.511111111111111,-17.044444444444444,-8.355555555555556,-2.422222222222222,-5.444444444444445,17.355555555555554,8.022222222222222
2020-09-23 21:22:00,-2.488888888888889,-3.4444444444444446,-1.5333333333333334,1.9111111111111112,12.155555555555555,-9.533333333333333,-17.22222222222222,-8.133333333333333,-2.6444444444444444,-5.488888888888889,17.022222222222222,7.888888888888889
2020-09-23 21:23:00,-2.4444444444444446,-3.4444444444444446,-1.5333333333333334,1.9111111111111112,12.133333333333333,-9.577777777777778,-17.42222222222222,-7.955555555555556,-2.8444444444444446,-5.533333333333333,16.711111111111112,7.733333333333333
2020-09-23 21:24:00,-2.4,-3.4444444444444446,-1.5333333333333334,1.9111111111111112,12.133333333333333,-9.666666666666666,-17.622222222222224,-7.733333333333333,-3.022222222222222,-5.5777777777777775,16.42222222222222,7.555555555555555
2020-09-23 21:25:00,-2.3333333333333335,-3.466666666666667,-1.5333333333333334,1.8666666666666667,12.11111111111111,-9.71111111111111,-17.866666666666667,-7.511111111111111,-3.2,-5.5777777777777775,16.11111111111111,7.4222222222222225
2020-09-23 21:26:00,-2.2888888888888888,-3.488888888888889,-1.5555555555555556,1.7777777777777777,12.044444444444444,-9.8,-18.133333333333333,-7.288888888888889,-3.3777777777777778,-5.6,15.844444444444445,7.333333333333333
2020-09-23 21:27:00,-2.2444444444444445,-3.533333333333333,-1.5555555555555556,1.711111111111111,11.977777777777778,-9.844444444444445,-18.377777777777776,-7.066666666666666,-3.5555555555555554,-5.644444444444445,15.6,7.288888888888889
2020-09-23 21:28:00,-2.2222222222222223,-3.6,-1.5333333333333334,1.6666666666666667,11.911111111111111,-9.88888888888889,-18.6,-6.888888888888889,-3.7333333333333334,-5.733333333333333,15.377777777777778,7.266666666666667
2020-09-23 21:29:00,-2.2,-3.688888888888889,-1.5555555555555556,1.6444444444444444,11.8,-9.955555555555556,-18.844444444444445,-6.733333333333333,-3.911111111111111,-5.8,15.155555555555555,7.266666666666667
2020-09-23 21:30:00,-2.1555555555555554,-3.7777777777777777,-1.5777777777777777,1.6222222222222222,11.688888888888888,-10.022222222222222,-19.08888888888889,-6.6,-4.066666666666666,-5.866666666666666,14.933333333333334,7.2444444444444445
2020-09-23 21:31:00,-2.1333333333333333,-3.8444444444444446,-1.5777777777777777,1.6444444444444444,11.622222222222222,-10.133333333333333,-19.333333333333332,-6.488888888888889,-4.222222222222222,-5.955555555555556,14.688888888888888,7.266666666666667
2020-09-23 21:32:00,-2.1333333333333333,-3.933333333333333,-1.5333333333333334,1.6222222222222222,11.533333333333333,-10.222222222222221,-19.6,-6.4,-4.355555555555555,-6.0,14.4,7.266666666666667
2020-09-23 21:33:00,-2.1333333333333333,-4.044444444444444,-1.488888888888889,1.5777777777777777,11.444444444444445,-10.333333333333334,-19.844444444444445,-6.288888888888889,-4.444444444444445,-6.022222222222222,14.11111111111111,7.266666666666667
2020-09-23 21:34:00,-2.088888888888889,-4.133333333333334,-1.4444444444444444,1.5333333333333334,11.377777777777778,-10.4,-20.08888888888889,-6.2,-4.555555555555555,-6.066666666666666,13.844444444444445,7.266666666666667
2020-09-23 21:35:00,-2.0,-4.2444444444444445,-1.4,1.488888888888889,11.311111111111112,-10.488888888888889,-20.355555555555554,-6.066666666666666,-4.644444444444445,-6.155555555555556,13.622222222222222,7.288888888888889
2020-09-23 21:36:00,-1.8666666666666667,-4.4,-1.3777777777777778,1.4222222222222223,11.2,-10.533333333333333,-20.57777777777778,-5.933333333333334,-4.777777777777778,-6.2444444444444445,13.444444444444445,7.266666666666667
2020-09-23 21:37:00,-1.6888888888888889,-4.533333333333333,-1.4,1.3555555555555556,11.088888888888889,-10.6,-20.755555555555556,-5.844444444444444,-4.955555555555556,-6.311111111111111,13.28888888888889,7.266666666666667
2020-09-23 21:38:00,-1.511111111111111,-4.622222222222222,-1.4444444444444444,1.3333333333333333,10.977777777777778,-10.644444444444444,-20.88888888888889,-5.711111111111111,-5.111111111111111,-6.333333333333333,13.133333333333333,7.288888888888889
2020-09-23 21:39:00,-1.3333333333333333,-4.733333333333333,-1.5333333333333334,1.288888888888889,10.88888888888889,-10.666666666666666,-20.977777777777778,-5.5777777777777775,-5.2444444444444445,-6.355555555555555,12.977777777777778,7.288888888888889
2020-09-23 21:40:00,-1.2,-4.8,-1.6444444444444444,1.2666666666666666,10.844444444444445,-10.71111111111111,-21.044444444444444,-5.444444444444445,-5.377777777777778,-6.377777777777778,12.866666666666667,7.311111111111111
2020-09-23 21:41:00,-1.0444444444444445,-4.888888888888889,-1.7777777777777777,1.2444444444444445,10.822222222222223,-10.8,-21.11111111111111,-5.333333333333333,-5.533333333333333,-6.377777777777778,12.777777777777779,7.288888888888889
2020-09-23 21:42:00,-0.8888888888888888,-4.955555555555556,-1.9555555555555555,1.2444444444444445,10.8,-10.88888888888889,-21.155555555555555,-5.222222222222222,-5.688888888888889,-6.355555555555555,12.666666666666666,7.311111111111111
2020-09-23 21:43:00,-0.7777777777777778,-4.977777777777778,-2.1333333333333333,1.2222222222222223,10.8,-10.977777777777778,-21.22222222222222,-5.111111111111111,-5.8,-6.311111111111111,12.555555555555555,7.288888888888889
2020-09-23 21:44:00,-0.6888888888888889,-4.955555555555556,-2.3555555555555556,1.2,10.822222222222223,-11.088888888888889,-21.288888888888888,-4.977777777777778,-5.933333333333334,-6.2444444444444445,12.444444444444445,7.266666666666667
2020-09-23 21:45:00,-0.6,-4.955555555555556,-2.533333333333333,1.1555555555555554,10.844444444444445,-11.177777777777777,-21.4,-4.844444444444444,-6.111111111111111,-6.2,12.355555555555556,7.2444444444444445
2020-09-23 21:46:00,-0.5333333333333333,-4.955555555555556,-2.7111111111111112,1.1333333333333333,10.866666666666667,-11.266666666666667,-21.466666666666665,-4.7555555555555555,-6.266666666666667,-6.177777777777778,12.311111111111112,7.222222222222222
2020-09-23 21:47:00,-0.4888888888888889,-4.911111111111111,-2.911111111111111,1.1333333333333333,10.88888888888889,-11.355555555555556,-21.555555555555557,-4.711111111111111,-6.377777777777778,-6.133333333333334,12.266666666666667,7.222222222222222
2020-09-23 21:48:00,-0.4666666666666667,-4.888888888888889,-3.111111111111111,1.1333333333333333,10.88888888888889,-11.466666666666667,-21.622222222222224,-4.644444444444445,-6.511111111111111,-6.111111111111111,12.244444444444444,7.222222222222222
2020-09-23 21:49:00,-0.4222222222222222,-4.888888888888889,-3.311111111111111,1.1555555555555554,10.88888888888889,-11.6,-21.666666666666668,-4.6,-6.6,-6.088888888888889,12.2,7.222222222222222
2020-09-23 21:50:00,-0.4,-4.888888888888889,-3.5555555555555554,1.1333333333333333,10.911111111111111,-11.733333333333333,-21.68888888888889,-4.555555555555555,-6.688888888888889,-6.022222222222222,12.155555555555555,7.2
2020-09-23 21:51:00,-0.4222222222222222,-4.866666666666666,-3.8444444444444446,1.0888888888888888,10.955555555555556,-11.844444444444445,-21.733333333333334,-4.488888888888889,-6.733333333333333,-5.933333333333334,12.11111111111111,7.155555555555556
2020-09-23 21:52:00,-0.4444444444444444,-4.844444444444444,-4.155555555555556,1.0,11.0,-11.933333333333334,-21.77777777777778,-4.444444444444445,-6.777777777777778,-5.844444444444444,12.088888888888889,7.133333333333334
2020-09-23 21:53:00,-0.4444444444444444,-4.822222222222222,-4.488888888888889,0.8888888888888888,11.022222222222222,-12.0,-21.822222222222223,-4.444444444444445,-6.8,-5.8,12.044444444444444,7.111111111111111
2020-09-23 21:54:00,-0.4222222222222222,-4.822222222222222,-4.822222222222222,0.8,11.044444444444444,-12.022222222222222,-21.88888888888889,-4.4222222222222225,-6.8,-5.711111111111111,12.022222222222222,7.133333333333334
2020-09-23 21:55:00,-0.37777777777777777,-4.866666666666666,-5.111111111111111,0.6666666666666666,11.088888888888889,-12.088888888888889,-21.933333333333334,-4.377777777777778,-6.7555555555555555,-5.622222222222222,12.022222222222222,7.155555555555556
2020-09-23 21:56:00,-0.37777777777777777,-4.933333333333334,-5.377777777777778,0.5555555555555556,11.133333333333333,-12.155555555555555,-21.933333333333334,-4.355555555555555,-6.7555555555555555,-5.511111111111111,12.022222222222222,7.2
2020-09-23 21:57:00,-0.37777777777777777,-4.977777777777778,-5.644444444444445,0.4888888888888889,11.177777777777777,-12.222222222222221,-21.955555555555556,-4.311111111111111,-6.711111111111111,-5.377777777777778,12.022222222222222,7.2444444444444445
2020-09-23 21:58:00,-0.4,-5.0,-5.911111111111111,0.4444444444444444,11.177777777777777,-12.333333333333334,-21.933333333333334,-4.2444444444444445,-6.666666666666667,-5.222222222222222,12.044444444444444,7.2444444444444445
2020-09-23 21:59:00,-0.37777777777777777,-5.0,-6.177777777777778,0.4,11.133333333333333,-12.444444444444445,-21.88888888888889,-4.177777777777778,-6.622222222222222,-5.022222222222222,12.088888888888889,7.222222222222222
